symbol,period,signal_time,entry_time,exit_time,side,entry_price,exit_price,trade_return
AXS,8,2023-09-24 12:25:00,2023-09-24 12:30:00,2023-09-24 12:45:00,SHORT,4.73,4.66,0.014799154334038113
APT,8,2023-09-25 00:35:00,2023-09-25 00:40:00,2023-09-25 00:50:00,SHORT,5.598,5.5428,0.00986066452304397
APT,8,2023-09-25 01:00:00,2023-09-25 01:05:00,2023-09-25 01:15:00,SHORT,5.5679,5.5239,0.007902440776594334
ARB,8,2023-09-28 16:00:00,2023-09-28 16:05:00,2023-09-28 16:35:00,SHORT,0.8896,0.89,-0.0004496402877698595
AAVE,8,2023-10-03 12:10:00,2023-10-03 12:15:00,2023-10-03 12:35:00,LONG,66.49,66.2,-0.004361558129041842
ARB,8,2023-10-04 00:35:00,2023-10-04 00:40:00,2023-10-04 00:50:00,LONG,0.8624,0.8734,0.012755102040816209
AAVE,8,2023-10-05 05:05:00,2023-10-05 05:10:00,2023-10-05 05:20:00,SHORT,72.03,71.51,0.007219214216298709
AAVE,8,2023-10-05 05:35:00,2023-10-05 05:40:00,2023-10-05 05:50:00,SHORT,71.18,70.91,0.0037932003371735066
AVAX,8,2023-10-07 05:35:00,2023-10-07 05:40:00,2023-10-07 05:50:00,SHORT,11.47,11.49,-0.0017436791630339645
AVAX,8,2023-10-07 06:20:00,2023-10-07 06:25:00,2023-10-07 07:10:00,LONG,10.92,10.78,-0.012820512820512872
AVAX,8,2023-10-09 09:50:00,2023-10-09 09:55:00,2023-10-09 10:05:00,SHORT,9.73,9.79,-0.0061664953751283365
ATOM,8,2023-10-10 07:55:00,2023-10-10 08:00:00,2023-10-10 08:10:00,SHORT,7.21,7.076,0.018585298196948728
ATOM,8,2023-10-10 08:30:00,2023-10-10 08:35:00,2023-10-10 08:50:00,SHORT,7.157,7.163,-0.0008383400866285073
BTC,8,2023-10-16 13:25:00,2023-10-16 13:30:00,2023-10-16 13:40:00,SHORT,29330.53,28859.8,0.016049147424202687
GRT,8,2023-10-16 13:45:00,2023-10-16 13:50:00,2023-10-16 14:00:00,SHORT,0.0817,0.0822,-0.006119951040391682
HBAR,8,2023-10-18 01:25:00,2023-10-18 01:30:00,2023-10-18 01:40:00,SHORT,0.0489,0.0488,0.0020449897750510417
AAVE,8,2023-10-19 13:45:00,2023-10-19 13:50:00,2023-10-19 14:00:00,SHORT,65.0,64.64,0.0055384615384615294
AAVE,8,2023-10-20 09:55:00,2023-10-20 10:00:00,2023-10-20 10:20:00,SHORT,69.07,69.42,-0.0050673230056465695
APT,8,2023-10-21 13:30:00,2023-10-21 13:35:00,2023-10-21 14:00:00,SHORT,5.6229,5.7131,-0.016041544398797826
LINK,8,2023-10-21 13:50:00,2023-10-21 13:55:00,2023-10-21 14:05:00,SHORT,8.365,8.341,0.0028690974297669947
APT,8,2023-10-21 14:10:00,2023-10-21 14:15:00,2023-10-21 14:25:00,SHORT,5.7443,5.6686,0.01317828107863453
LINK,8,2023-10-21 14:15:00,2023-10-21 14:20:00,2023-10-21 14:35:00,SHORT,8.598,8.625,-0.003140265177948272
LINK,8,2023-10-21 14:45:00,2023-10-21 14:50:00,2023-10-21 15:10:00,SHORT,8.642,8.645,-0.0003471418653089694
LINK,8,2023-10-21 15:20:00,2023-10-21 15:25:00,2023-10-21 16:05:00,SHORT,8.704,9.1392,-0.05
LINK,8,2023-10-21 16:05:00,2023-10-21 16:10:00,2023-10-21 16:20:00,SHORT,9.027,8.918,0.012074886451755843
LINK,8,2023-10-21 16:30:00,2023-10-21 16:35:00,2023-10-21 17:00:00,SHORT,8.93,8.897,0.003695408734602405
AAVE,8,2023-10-22 04:20:00,2023-10-22 04:25:00,2023-10-22 04:35:00,SHORT,73.71,73.56,0.0020350020350019195
AAVE,8,2023-10-22 05:35:00,2023-10-22 05:40:00,2023-10-22 05:50:00,SHORT,78.0,76.29,0.021923076923076844
AAVE,8,2023-10-22 06:10:00,2023-10-22 06:15:00,2023-10-22 06:25:00,SHORT,78.08,77.54,0.0069159836065572754
APT,8,2023-10-22 07:15:00,2023-10-22 07:20:00,2023-10-22 07:40:00,SHORT,6.0801,6.066,0.002319040805249914
APT,8,2023-10-22 08:25:00,2023-10-22 08:30:00,2023-10-22 08:40:00,LONG,5.8662,5.934,0.011557737547304913
LINK,8,2023-10-22 22:45:00,2023-10-22 22:50:00,2023-10-22 23:05:00,SHORT,10.033,10.058,-0.0024917771354530404
LINK,8,2023-10-23 01:05:00,2023-10-23 01:10:00,2023-10-23 01:20:00,LONG,10.61,10.584,-0.002450518378887823
LINK,8,2023-10-23 01:35:00,2023-10-23 01:40:00,2023-10-23 02:00:00,LONG,10.792,10.895,0.00954410674573756
INJ,8,2023-10-23 04:25:00,2023-10-23 04:30:00,2023-10-23 04:40:00,SHORT,9.627,9.618,0.0009348706762231578
AAVE,8,2023-10-23 06:05:00,2023-10-23 06:10:00,2023-10-23 06:20:00,SHORT,85.56,84.05,0.017648433847592394
INJ,8,2023-10-23 12:45:00,2023-10-23 12:50:00,2023-10-23 13:05:00,SHORT,10.462,10.301,0.015389026954693137
INJ,8,2023-10-23 15:10:00,2023-10-23 15:15:00,2023-10-23 15:30:00,SHORT,10.48,10.422,0.0055343511450381515
INJ,8,2023-10-23 15:30:00,2023-10-23 15:35:00,2023-10-23 15:55:00,SHORT,10.488,10.724,-0.022501906941266272
LINK,8,2023-10-23 17:05:00,2023-10-23 17:10:00,2023-10-23 17:20:00,SHORT,10.481,10.29,0.018223451960690844
FIL,8,2023-10-23 19:35:00,2023-10-23 19:40:00,2023-10-23 19:55:00,SHORT,3.738,3.817,-0.02113429641519534
BTC,8,2023-10-23 22:40:00,2023-10-23 22:45:00,2023-10-23 22:55:00,SHORT,33968.48,33142.04,0.024329613806682027
AAVE,8,2023-10-23 22:55:00,2023-10-23 23:00:00,2023-10-23 23:10:00,SHORT,86.64,85.56,0.012465373961218816
APT,8,2023-10-23 22:55:00,2023-10-23 23:00:00,2023-10-23 23:10:00,SHORT,6.2735,6.1419,0.02097712600621672
INJ,8,2023-10-23 23:00:00,2023-10-23 23:05:00,2023-10-23 23:15:00,SHORT,11.18,10.985,0.017441860465116307
INJ,8,2023-10-23 23:20:00,2023-10-23 23:25:00,2023-10-23 23:35:00,SHORT,11.16,10.823,0.030197132616487432
INJ,8,2023-10-24 00:00:00,2023-10-24 00:05:00,2023-10-24 00:15:00,SHORT,11.175,11.1,0.00671140939597325
INJ,8,2023-10-24 00:20:00,2023-10-24 00:25:00,2023-10-24 00:40:00,SHORT,11.508,11.31,0.017205422314911248
ARB,8,2023-10-24 00:40:00,2023-10-24 00:45:00,2023-10-24 01:00:00,SHORT,0.9097,0.9143,-0.005056612069913212
AAVE,8,2023-10-24 01:10:00,2023-10-24 01:15:00,2023-10-24 01:25:00,SHORT,88.58,89.05,-0.005305938135019179
LINK,8,2023-10-24 01:25:00,2023-10-24 01:30:00,2023-10-24 01:40:00,LONG,10.342,10.408,0.006381744343453776
BTC,8,2023-10-24 02:15:00,2023-10-24 02:20:00,2023-10-24 02:35:00,SHORT,34730.01,34884.35,-0.004443995265189861
ARB,8,2023-10-24 02:45:00,2023-10-24 02:50:00,2023-10-24 03:00:00,SHORT,0.9447,0.9354,0.009844395046046337
AAVE,8,2023-10-24 03:10:00,2023-10-24 03:15:00,2023-10-24 04:05:00,LONG,86.87,85.93,-0.010820766662829488
APT,8,2023-10-24 06:20:00,2023-10-24 06:25:00,2023-10-24 06:40:00,LONG,6.1011,6.1064,0.0008686958089524975
INJ,8,2023-10-24 10:00:00,2023-10-24 10:05:00,2023-10-24 10:15:00,SHORT,12.513,12.569,-0.00447534564053392
INJ,8,2023-10-24 10:20:00,2023-10-24 10:25:00,2023-10-24 11:00:00,LONG,12.486,12.365,-0.009690853756206987
INJ,8,2023-10-24 11:10:00,2023-10-24 11:15:00,2023-10-24 11:30:00,LONG,12.615,12.494,-0.009591755846214859
INJ,8,2023-10-24 13:10:00,2023-10-24 13:15:00,2023-10-24 13:45:00,LONG,12.228,12.243,0.0012266928361138836
LINK,8,2023-10-24 15:25:00,2023-10-24 15:30:00,2023-10-24 15:50:00,LONG,9.895,9.937,0.0042445679636179704
AAVE,8,2023-10-24 15:35:00,2023-10-24 15:40:00,2023-10-24 15:50:00,LONG,80.85,82.35,0.01855287569573284
DOT,8,2023-10-24 15:35:00,2023-10-24 15:40:00,2023-10-24 15:50:00,LONG,4.101,4.168,0.016337478663740593
DOGE,8,2023-10-24 15:35:00,2023-10-24 15:40:00,2023-10-24 15:50:00,LONG,0.06428,0.06572,0.02240199128811445
ARB,8,2023-10-24 15:35:00,2023-10-24 15:40:00,2023-10-24 15:55:00,LONG,0.8639,0.8772,0.01539530038198863
EOS,8,2023-10-24 15:35:00,2023-10-24 15:40:00,2023-10-24 15:50:00,LONG,0.572,0.582,0.0174825174825175
AVAX,8,2023-10-24 15:35:00,2023-10-24 15:40:00,2023-10-24 15:50:00,LONG,10.11,10.27,0.015825914935707234
ATOM,8,2023-10-24 15:35:00,2023-10-24 15:40:00,2023-10-24 15:50:00,LONG,6.756,6.898,0.02101835405565415
GRT,8,2023-10-24 15:35:00,2023-10-24 15:40:00,2023-10-24 15:50:00,LONG,0.0892,0.0907,0.01681614349775786
APT,8,2023-10-24 15:35:00,2023-10-24 15:40:00,2023-10-24 15:50:00,LONG,5.9283,6.0513,0.02074793785739592
HBAR,8,2023-10-24 15:35:00,2023-10-24 15:40:00,2023-10-24 15:55:00,LONG,0.0502,0.0507,0.00996015936254981
FIL,8,2023-10-24 15:35:00,2023-10-24 15:40:00,2023-10-24 15:50:00,LONG,3.71,3.793,0.02237196765498657
ADA,8,2023-10-24 15:35:00,2023-10-24 15:40:00,2023-10-24 15:50:00,LONG,0.2738,0.2791,0.019357195032870807
INJ,8,2023-10-24 15:35:00,2023-10-24 15:40:00,2023-10-24 15:50:00,LONG,11.538,11.852,0.027214421910209747
AXS,8,2023-10-24 15:35:00,2023-10-24 15:40:00,2023-10-24 15:50:00,LONG,4.51,4.58,0.01552106430155217
ICP,8,2023-10-24 15:35:00,2023-10-24 15:40:00,2023-10-24 15:50:00,LONG,3.437,3.519,0.023858015711376288
LTC,8,2023-10-24 15:35:00,2023-10-24 15:40:00,2023-10-24 15:50:00,LONG,67.16,68.48,0.019654556283502194
ALGO,8,2023-10-24 15:35:00,2023-10-24 15:40:00,2023-10-24 15:50:00,LONG,0.0964,0.0983,0.01970954356846472
LINK,8,2023-10-25 00:40:00,2023-10-25 00:45:00,2023-10-25 00:55:00,SHORT,10.783,10.916,-0.012334229806176473
LINK,8,2023-10-25 00:55:00,2023-10-25 01:00:00,2023-10-25 01:25:00,SHORT,10.979,11.229,-0.022770744147918756
APT,8,2023-10-25 01:05:00,2023-10-25 01:10:00,2023-10-25 01:25:00,SHORT,6.5509,6.5196,0.0047779694393138
APT,8,2023-10-25 01:25:00,2023-10-25 01:30:00,2023-10-25 01:50:00,SHORT,6.5502,6.5271,0.0035266098745077006
LINK,8,2023-10-25 01:30:00,2023-10-25 01:35:00,2023-10-25 01:45:00,SHORT,11.442,11.369,0.0063800034958923614
LINK,8,2023-10-25 01:45:00,2023-10-25 01:50:00,2023-10-25 02:00:00,SHORT,11.44,11.52,-0.006993006993007
LINK,8,2023-10-25 03:25:00,2023-10-25 03:30:00,2023-10-25 03:40:00,SHORT,11.384,11.318,0.005797610681658532
LINK,8,2023-10-25 03:50:00,2023-10-25 03:55:00,2023-10-25 04:05:00,SHORT,11.377,11.337,0.0035158653423574687
LINK,8,2023-10-25 04:25:00,2023-10-25 04:30:00,2023-10-25 04:45:00,SHORT,11.443,11.357,0.007515511666521044
LINK,8,2023-10-25 04:55:00,2023-10-25 05:00:00,2023-10-25 05:10:00,SHORT,11.531,11.457,0.0064174833058711165
LINK,8,2023-10-25 05:10:00,2023-10-25 05:15:00,2023-10-25 05:30:00,SHORT,11.574,11.504,0.006048038707447753
LINK,8,2023-10-25 05:30:00,2023-10-25 05:35:00,2023-10-25 05:45:00,SHORT,11.517,11.361,0.01354519406095327
LINK,8,2023-10-25 06:00:00,2023-10-25 06:05:00,2023-10-25 06:25:00,SHORT,11.451,11.457,-0.0005239717055279214
LINK,8,2023-10-25 06:25:00,2023-10-25 06:30:00,2023-10-25 06:40:00,SHORT,11.501,11.474,0.002347621945917681
LINK,8,2023-10-25 07:45:00,2023-10-25 07:50:00,2023-10-25 08:20:00,LONG,10.915,10.875,-0.003664681630783248
GRT,8,2023-10-25 15:05:00,2023-10-25 15:10:00,2023-10-25 15:20:00,SHORT,0.0977,0.0974,0.0030706243602865377
GRT,8,2023-10-25 15:20:00,2023-10-25 15:25:00,2023-10-25 15:45:00,SHORT,0.0982,0.10311,-0.04999999999999998
GRT,8,2023-10-25 15:45:00,2023-10-25 15:50:00,2023-10-25 16:05:00,SHORT,0.103,0.1022,0.00776699029126209
GRT,8,2023-10-25 16:10:00,2023-10-25 16:15:00,2023-10-25 16:25:00,SHORT,0.1025,0.1001,0.02341463414634146
DOGE,8,2023-10-26 02:05:00,2023-10-26 02:10:00,2023-10-26 02:20:00,SHORT,0.07163,0.07054,0.015217087812369032
ARB,8,2023-10-26 03:45:00,2023-10-26 03:50:00,2023-10-26 04:05:00,SHORT,0.9644,0.9665,-0.002177519701368717
ARB,8,2023-10-26 07:35:00,2023-10-26 07:40:00,2023-10-26 07:50:00,SHORT,0.9924,0.9843,0.008162031438935909
LINK,8,2023-10-26 14:30:00,2023-10-26 14:35:00,2023-10-26 14:50:00,LONG,10.598,10.67,0.006793734666918208
APT,8,2023-10-27 16:05:00,2023-10-27 16:10:00,2023-10-27 16:20:00,SHORT,6.7717,6.6872,0.012478402764446186
INJ,8,2023-10-27 17:25:00,2023-10-27 17:30:00,2023-10-27 17:40:00,SHORT,13.598,13.579,0.0013972643035740644
AXS,8,2023-10-28 18:40:00,2023-10-28 18:45:00,2023-10-28 18:55:00,SHORT,5.08,5.07,0.001968503937007832
AXS,8,2023-10-29 12:55:00,2023-10-29 13:00:00,2023-10-29 13:20:00,SHORT,5.33,5.37,-0.007504690431519707
AXS,8,2023-10-29 13:25:00,2023-10-29 13:30:00,2023-10-29 13:35:00,SHORT,5.36,5.628000000000001,-0.05000000000000013
AXS,8,2023-10-29 13:35:00,2023-10-29 13:40:00,2023-10-29 13:55:00,SHORT,5.62,5.59,0.005338078291814991
AXS,8,2023-10-29 13:55:00,2023-10-29 14:00:00,2023-10-29 14:35:00,SHORT,5.67,5.72,-0.008818342151675453
AXS,8,2023-10-29 14:40:00,2023-10-29 14:45:00,2023-10-29 14:55:00,SHORT,5.75,5.71,0.006956521739130441
ICP,8,2023-10-29 18:45:00,2023-10-29 18:50:00,2023-10-29 19:00:00,SHORT,4.165,4.158,0.0016806722689074846
AXS,8,2023-10-29 19:35:00,2023-10-29 19:40:00,2023-10-29 19:50:00,SHORT,5.73,5.71,0.0034904013961606388
AXS,8,2023-10-30 00:25:00,2023-10-30 00:30:00,2023-10-30 01:00:00,LONG,5.91,5.89,-0.0033840947546532082
APT,8,2023-10-31 00:35:00,2023-10-31 00:40:00,2023-10-31 01:10:00,SHORT,7.1649,7.3593,-0.027132269815349816
INJ,8,2023-11-01 13:20:00,2023-11-01 13:25:00,2023-11-01 13:40:00,SHORT,14.638,14.609,0.001981144965159169
INJ,8,2023-11-01 15:25:00,2023-11-01 15:30:00,2023-11-01 15:50:00,LONG,14.523,14.59,0.004613371892859614
APT,8,2023-11-01 18:30:00,2023-11-01 18:35:00,2023-11-01 18:45:00,SHORT,7.0802,6.9856,0.013361204485748962
INJ,8,2023-11-01 18:30:00,2023-11-01 18:35:00,2023-11-01 18:45:00,SHORT,15.486,15.276,0.013560635412630818
AVAX,8,2023-11-01 19:00:00,2023-11-01 19:05:00,2023-11-01 19:15:00,SHORT,11.98,12.04,-0.005008347245408908
DOT,8,2023-11-01 19:00:00,2023-11-01 19:05:00,2023-11-01 19:15:00,SHORT,4.718,4.655,0.013353115727002908
INJ,8,2023-11-01 19:05:00,2023-11-01 19:10:00,2023-11-01 19:20:00,SHORT,15.45,15.246,0.013203883495145558
APT,8,2023-11-01 19:05:00,2023-11-01 19:10:00,2023-11-01 19:35:00,SHORT,7.1744,7.2632,-0.012377341659232826
AVAX,8,2023-11-01 19:15:00,2023-11-01 19:20:00,2023-11-01 19:35:00,SHORT,12.11,12.11,0.0
ARB,8,2023-11-01 20:10:00,2023-11-01 20:15:00,2023-11-01 20:30:00,SHORT,1.022,1.0162,0.005675146771037209
ARB,8,2023-11-01 20:45:00,2023-11-01 20:50:00,2023-11-01 21:05:00,SHORT,1.0315,1.0368,-0.005138148327678003
AAVE,8,2023-11-02 02:45:00,2023-11-02 02:50:00,2023-11-02 03:00:00,SHORT,100.33,97.92,0.024020731585766935
AVAX,8,2023-11-02 02:55:00,2023-11-02 03:00:00,2023-11-02 03:10:00,SHORT,12.37,12.41,-0.0032336297493937693
AAVE,8,2023-11-02 03:05:00,2023-11-02 03:10:00,2023-11-02 03:30:00,SHORT,97.89,98.16,-0.0027581979773214425
AVAX,8,2023-11-02 03:10:00,2023-11-02 03:15:00,2023-11-02 03:30:00,SHORT,12.43,12.42,0.0008045052292839732
AAVE,8,2023-11-02 03:30:00,2023-11-02 03:35:00,2023-11-02 03:55:00,SHORT,98.1,98.35,-0.0025484199796126403
AAVE,8,2023-11-02 03:55:00,2023-11-02 04:00:00,2023-11-02 04:25:00,SHORT,98.89,100.28,-0.014056021842451215
AAVE,8,2023-11-02 04:25:00,2023-11-02 04:30:00,2023-11-02 04:45:00,SHORT,101.31,101.0,0.0030599151120323984
AAVE,8,2023-11-02 04:45:00,2023-11-02 04:50:00,2023-11-02 05:00:00,SHORT,101.54,100.0,0.015166436872168664
AAVE,8,2023-11-02 05:50:00,2023-11-02 05:55:00,2023-11-02 06:05:00,LONG,96.12,96.42,0.0031210986267165746
AAVE,8,2023-11-02 06:05:00,2023-11-02 06:10:00,2023-11-02 06:20:00,LONG,95.18,95.89,0.00745955032569861
INJ,8,2023-11-02 08:55:00,2023-11-02 09:00:00,2023-11-02 09:15:00,SHORT,15.71,15.574,0.008656906429026162
INJ,8,2023-11-02 14:25:00,2023-11-02 14:30:00,2023-11-02 14:45:00,LONG,14.798,14.833,0.002365184484389792
ADA,8,2023-11-02 17:50:00,2023-11-02 17:55:00,2023-11-02 18:10:00,SHORT,0.3149,0.3136,0.0041282946967291945
ADA,8,2023-11-02 19:05:00,2023-11-02 19:10:00,2023-11-02 19:20:00,SHORT,0.3263,0.3268,-0.0015323322096230478
ADA,8,2023-11-02 19:20:00,2023-11-02 19:25:00,2023-11-02 19:35:00,SHORT,0.3285,0.3256,0.008828006088280101
ARB,8,2023-11-03 01:10:00,2023-11-03 01:15:00,2023-11-03 01:30:00,LONG,0.9506,0.9516,0.001051967178624028
GRT,8,2023-11-03 18:20:00,2023-11-03 18:25:00,2023-11-03 18:35:00,SHORT,0.1137,0.1109,0.024626209322779216
GRT,8,2023-11-03 18:40:00,2023-11-03 18:45:00,2023-11-03 19:00:00,SHORT,0.1115,0.1111,0.003587443946188319
GRT,8,2023-11-03 20:25:00,2023-11-03 20:30:00,2023-11-03 20:40:00,SHORT,0.1154,0.1144,0.008665511265164651
GRT,8,2023-11-05 08:10:00,2023-11-05 08:15:00,2023-11-05 08:25:00,SHORT,0.1323,0.1319,0.0030234315948602527
GRT,8,2023-11-06 00:50:00,2023-11-06 00:55:00,2023-11-06 01:05:00,SHORT,0.1318,0.1312,0.004552352048558341
AAVE,8,2023-11-06 07:50:00,2023-11-06 07:55:00,2023-11-06 08:20:00,SHORT,92.69,92.92,-0.0024813895781638146
GRT,8,2023-11-06 08:15:00,2023-11-06 08:20:00,2023-11-06 08:30:00,SHORT,0.1394,0.1382,0.008608321377331469
AAVE,8,2023-11-06 08:55:00,2023-11-06 09:00:00,2023-11-06 09:20:00,SHORT,97.34,96.24,0.011300595849599429
INJ,8,2023-11-06 11:00:00,2023-11-06 11:05:00,2023-11-06 11:15:00,SHORT,17.333,17.229,0.006000115386834317
INJ,8,2023-11-06 11:40:00,2023-11-06 11:45:00,2023-11-06 12:00:00,SHORT,17.746,17.74,0.0003381043615462768
GRT,8,2023-11-06 23:55:00,2023-11-07 00:00:00,2023-11-07 00:10:00,SHORT,0.1579,0.154,0.024699176694110286
GRT,8,2023-11-07 00:10:00,2023-11-07 00:15:00,2023-11-07 00:25:00,SHORT,0.1631,0.1518,0.06928264868179035
GRT,8,2023-11-07 00:30:00,2023-11-07 00:35:00,2023-11-07 01:05:00,LONG,0.1469,0.1484,0.010211027910142964
GRT,8,2023-11-07 01:10:00,2023-11-07 01:15:00,2023-11-07 01:25:00,SHORT,0.1467,0.146,0.004771642808452666
INJ,8,2023-11-07 01:30:00,2023-11-07 01:35:00,2023-11-07 01:45:00,SHORT,17.391,17.364,0.0015525271692253162
HBAR,8,2023-11-07 02:20:00,2023-11-07 02:25:00,2023-11-07 02:35:00,SHORT,0.0621,0.0603,0.028985507246376857
AAVE,8,2023-11-07 03:55:00,2023-11-07 04:00:00,2023-11-07 04:15:00,SHORT,102.09,102.96,-0.008521892447840046
AAVE,8,2023-11-09 02:10:00,2023-11-09 02:15:00,2023-11-09 02:50:00,SHORT,102.87,103.86,-0.009623797025371778
AAVE,8,2023-11-09 03:00:00,2023-11-09 03:05:00,2023-11-09 03:15:00,SHORT,105.74,105.2,0.005106865897484321
LINK,8,2023-11-09 12:50:00,2023-11-09 12:55:00,2023-11-09 13:15:00,SHORT,15.363,15.422,-0.003840395756037301
ARB,8,2023-11-09 14:50:00,2023-11-09 14:55:00,2023-11-09 15:05:00,SHORT,1.1342,1.1321,0.0018515253041791488
ARB,8,2023-11-09 15:05:00,2023-11-09 15:10:00,2023-11-09 15:25:00,SHORT,1.149,1.1366,0.010791993037423817
ETH,8,2023-11-09 15:35:00,2023-11-09 15:40:00,2023-11-09 15:50:00,SHORT,2038.13,2032.95,0.0025415454362577774
AAVE,8,2023-11-09 15:50:00,2023-11-09 15:55:00,2023-11-09 16:10:00,LONG,101.21,96.14949999999999,-0.05000000000000005
LINK,8,2023-11-09 15:55:00,2023-11-09 16:00:00,2023-11-09 16:10:00,LONG,15.094,14.339299999999998,-0.0500000000000001
INJ,8,2023-11-09 15:55:00,2023-11-09 16:00:00,2023-11-09 16:10:00,LONG,17.024,16.1728,-0.05000000000000013
GRT,8,2023-11-09 16:05:00,2023-11-09 16:10:00,2023-11-09 16:10:00,LONG,0.1332,0.12654,-0.04999999999999999
GRT,8,2023-11-09 16:10:00,2023-11-09 16:15:00,2023-11-09 16:25:00,LONG,0.1246,0.1264,0.014446227929374077
DOT,8,2023-11-09 16:10:00,2023-11-09 16:15:00,2023-11-09 16:25:00,LONG,4.796,4.889,0.019391159299416174
DOGE,8,2023-11-09 16:10:00,2023-11-09 16:15:00,2023-11-09 17:05:00,LONG,0.07046,0.07192,0.02072097644053368
APT,8,2023-11-09 16:10:00,2023-11-09 16:15:00,2023-11-09 17:00:00,LONG,6.9162,7.0134,0.014053960267198745
EOS,8,2023-11-09 16:10:00,2023-11-09 16:15:00,2023-11-09 16:35:00,LONG,0.65,0.664,0.02153846153846156
FIL,8,2023-11-09 16:10:00,2023-11-09 16:15:00,2023-11-09 16:30:00,LONG,4.341,4.357,0.003685786685095603
LTC,8,2023-11-09 16:10:00,2023-11-09 16:15:00,2023-11-09 16:55:00,LONG,70.4,71.26,0.012215909090909081
ICP,8,2023-11-09 16:10:00,2023-11-09 16:15:00,2023-11-09 17:10:00,LONG,3.981,4.046,0.016327555890479878
LINK,8,2023-11-09 16:10:00,2023-11-09 16:15:00,2023-11-09 16:55:00,LONG,14.376,14.756,0.0264329437952143
HBAR,8,2023-11-09 16:10:00,2023-11-09 16:15:00,2023-11-09 16:35:00,LONG,0.0568,0.0579,0.019366197183098535
ATOM,8,2023-11-09 16:10:00,2023-11-09 16:15:00,2023-11-09 16:25:00,LONG,8.387,8.505,0.014069393108382058
ADA,8,2023-11-09 16:10:00,2023-11-09 16:15:00,2023-11-09 16:25:00,LONG,0.3552,0.3633,0.022804054054054043
AVAX,8,2023-11-09 16:10:00,2023-11-09 16:15:00,2023-11-09 17:05:00,LONG,12.72,13.05,0.0259433962264151
ARB,8,2023-11-09 16:10:00,2023-11-09 16:15:00,2023-11-09 16:50:00,LONG,1.0546,1.0784,0.022567798217333627
AAVE,8,2023-11-09 16:10:00,2023-11-09 16:15:00,2023-11-09 16:50:00,LONG,93.83,97.23,0.03623574549717581
ALGO,8,2023-11-09 16:10:00,2023-11-09 16:15:00,2023-11-09 17:10:00,LONG,0.1167,0.1205,0.03256212510711223
INJ,8,2023-11-09 16:10:00,2023-11-09 16:15:00,2023-11-09 16:50:00,LONG,15.86,16.386,0.033165195460277415
AXS,8,2023-11-09 16:15:00,2023-11-09 16:20:00,2023-11-09 17:05:00,LONG,5.72,5.79,0.012237762237762288
ATOM,8,2023-11-09 16:30:00,2023-11-09 16:35:00,2023-11-09 16:50:00,LONG,8.422,8.483,0.007242935169793391
HBAR,8,2023-11-09 16:35:00,2023-11-09 16:40:00,2023-11-09 16:50:00,LONG,0.0569,0.0581,0.021089630931458693
DOT,8,2023-11-09 16:35:00,2023-11-09 16:40:00,2023-11-09 16:50:00,LONG,4.783,4.878,0.019862011289985312
GRT,8,2023-11-09 16:35:00,2023-11-09 16:40:00,2023-11-09 16:50:00,LONG,0.1235,0.1263,0.02267206477732791
ADA,8,2023-11-09 16:35:00,2023-11-09 16:40:00,2023-11-09 16:50:00,LONG,0.3538,0.3615,0.021763708309779493
EOS,8,2023-11-09 16:35:00,2023-11-09 16:40:00,2023-11-09 17:05:00,LONG,0.653,0.67,0.026033690658499257
FIL,8,2023-11-09 16:35:00,2023-11-09 16:40:00,2023-11-09 16:50:00,LONG,4.293,4.367,0.017237363149312797
DOT,8,2023-11-09 16:50:00,2023-11-09 16:55:00,2023-11-09 17:05:00,LONG,4.887,4.922,0.007161857990587302
INJ,8,2023-11-09 16:55:00,2023-11-09 17:00:00,2023-11-09 17:35:00,LONG,16.128,15.986,-0.008804563492063459
GRT,8,2023-11-09 21:30:00,2023-11-09 21:35:00,2023-11-09 21:45:00,SHORT,0.1319,0.1314,0.003790750568612589
INJ,8,2023-11-09 21:35:00,2023-11-09 21:40:00,2023-11-09 21:50:00,SHORT,16.128,15.816,0.019345238095238058
ARB,8,2023-11-09 22:50:00,2023-11-09 22:55:00,2023-11-09 23:05:00,SHORT,1.165,1.171,-0.005150214592274683
ARB,8,2023-11-09 23:10:00,2023-11-09 23:15:00,2023-11-09 23:25:00,SHORT,1.1991,1.1873,0.009840713868734911
ARB,8,2023-11-09 23:40:00,2023-11-09 23:45:00,2023-11-09 23:55:00,SHORT,1.2015,1.213,-0.009571369121930974
AXS,8,2023-11-10 00:00:00,2023-11-10 00:05:00,2023-11-10 00:15:00,LONG,6.18,6.31,0.0210355987055016
AXS,8,2023-11-10 00:25:00,2023-11-10 00:30:00,2023-11-10 00:40:00,SHORT,6.32,6.13,0.030063291139240566
INJ,8,2023-11-10 10:55:00,2023-11-10 11:00:00,2023-11-10 11:15:00,SHORT,16.776,16.697,0.004709108249880819
INJ,8,2023-11-10 11:40:00,2023-11-10 11:45:00,2023-11-10 11:55:00,SHORT,17.096,17.036,0.003509592887225007
INJ,8,2023-11-10 12:30:00,2023-11-10 12:35:00,2023-11-10 12:55:00,SHORT,17.541,17.712,-0.009748589020010226
INJ,8,2023-11-10 13:10:00,2023-11-10 13:15:00,2023-11-10 13:25:00,SHORT,18.018,17.641,0.02092352092352106
LINK,8,2023-11-10 13:40:00,2023-11-10 13:45:00,2023-11-10 13:55:00,SHORT,15.157,15.102,0.003628686415517564
AVAX,8,2023-11-10 17:00:00,2023-11-10 17:05:00,2023-11-10 17:20:00,SHORT,13.91,13.93,-0.0014378145219266407
INJ,8,2023-11-10 17:05:00,2023-11-10 17:10:00,2023-11-10 17:25:00,SHORT,18.654,18.411,0.013026696687037554
AVAX,8,2023-11-10 17:20:00,2023-11-10 17:25:00,2023-11-10 17:35:00,SHORT,14.12,14.07,0.0035410764872520492
AVAX,8,2023-11-10 18:15:00,2023-11-10 18:20:00,2023-11-10 18:40:00,SHORT,14.6,14.55,0.0034246575342465023
INJ,8,2023-11-10 18:30:00,2023-11-10 18:35:00,2023-11-10 18:50:00,SHORT,18.388,18.317,0.0038612138351099357
INJ,8,2023-11-10 18:55:00,2023-11-10 19:00:00,2023-11-10 19:20:00,SHORT,18.423,18.476,-0.002876838734191002
INJ,8,2023-11-10 21:10:00,2023-11-10 21:15:00,2023-11-10 21:25:00,SHORT,18.079,18.053,0.0014381326400796394
INJ,8,2023-11-10 21:25:00,2023-11-10 21:30:00,2023-11-10 21:40:00,SHORT,18.151,18.07,0.0044625640460580415
DOGE,8,2023-11-11 05:20:00,2023-11-11 05:25:00,2023-11-11 05:35:00,SHORT,0.07853,0.07827,0.003310836622946598
FIL,8,2023-11-11 14:55:00,2023-11-11 15:00:00,2023-11-11 15:10:00,SHORT,4.806,4.852,-0.009571369121930974
FIL,8,2023-11-11 15:10:00,2023-11-11 15:15:00,2023-11-11 15:25:00,SHORT,4.86,4.775,0.017489711934156372
INJ,8,2023-11-11 15:30:00,2023-11-11 15:35:00,2023-11-11 15:50:00,LONG,18.066,18.191,0.0069190745045942656
LINK,8,2023-11-11 15:40:00,2023-11-11 15:45:00,2023-11-11 15:55:00,SHORT,16.599,16.195,0.024338815591300675
LINK,8,2023-11-11 16:15:00,2023-11-11 16:20:00,2023-11-11 16:35:00,SHORT,16.469,16.355,0.006922096059262904
AVAX,8,2023-11-11 16:45:00,2023-11-11 16:50:00,2023-11-11 17:00:00,SHORT,15.71,15.68,0.0019096117122852408
GRT,8,2023-11-11 16:55:00,2023-11-11 17:00:00,2023-11-11 17:10:00,SHORT,0.1419,0.1402,0.011980267794221332
AVAX,8,2023-11-11 17:00:00,2023-11-11 17:05:00,2023-11-11 17:15:00,SHORT,15.82,15.5,0.02022756005056892
AVAX,8,2023-11-11 19:40:00,2023-11-11 19:45:00,2023-11-11 20:10:00,SHORT,16.45,16.66,-0.012765957446808564
AVAX,8,2023-11-11 20:25:00,2023-11-11 20:30:00,2023-11-11 21:00:00,SHORT,16.47,16.36,0.006678809957498448
AVAX,8,2023-11-11 21:05:00,2023-11-11 21:10:00,2023-11-11 21:20:00,SHORT,16.65,16.49,0.00960960960960962
AVAX,8,2023-11-11 21:25:00,2023-11-11 21:30:00,2023-11-11 21:55:00,SHORT,16.57,16.75,-0.010863005431502698
AVAX,8,2023-11-11 22:00:00,2023-11-11 22:05:00,2023-11-11 22:15:00,SHORT,16.77,16.46,0.01848539057841376
AVAX,8,2023-11-11 22:15:00,2023-11-11 22:20:00,2023-11-11 22:45:00,SHORT,16.69,16.77,-0.004793289394847112
AVAX,8,2023-11-11 22:50:00,2023-11-11 22:55:00,2023-11-11 23:10:00,SHORT,16.88,16.72,0.009478672985782
AXS,8,2023-11-12 00:45:00,2023-11-12 00:50:00,2023-11-12 01:00:00,LONG,6.14,6.23,0.014657980456026181
LINK,8,2023-11-12 00:45:00,2023-11-12 00:50:00,2023-11-12 01:00:00,LONG,15.502,15.741,0.015417365501225582
INJ,8,2023-11-12 00:45:00,2023-11-12 00:50:00,2023-11-12 01:20:00,LONG,17.018,17.043,0.0014690327888117628
AVAX,8,2023-11-12 00:45:00,2023-11-12 00:50:00,2023-11-12 01:00:00,LONG,16.01,16.35,0.021236727045596492
APT,8,2023-11-12 00:45:00,2023-11-12 00:50:00,2023-11-12 01:00:00,LONG,7.2629,7.3486,0.01179969433697285
AVAX,8,2023-11-12 06:45:00,2023-11-12 06:50:00,2023-11-12 07:10:00,SHORT,17.77,18.03,-0.014631401238041731
APT,8,2023-11-12 08:00:00,2023-11-12 08:05:00,2023-11-12 08:35:00,SHORT,8.0948,8.3022,-0.025621386569155486
AVAX,8,2023-11-12 08:10:00,2023-11-12 08:15:00,2023-11-12 08:25:00,SHORT,18.92,18.65,0.014270613107822573
AVAX,8,2023-11-12 13:05:00,2023-11-12 13:10:00,2023-11-12 13:20:00,LONG,17.89,18.28,0.02179988820570154
AVAX,8,2023-11-12 13:40:00,2023-11-12 13:45:00,2023-11-12 13:55:00,LONG,17.72,17.86,0.007900677200902968
FIL,8,2023-11-12 20:55:00,2023-11-12 21:00:00,2023-11-12 21:20:00,SHORT,5.146,5.199,-0.010299261562378535
AVAX,8,2023-11-13 00:20:00,2023-11-13 00:25:00,2023-11-13 00:40:00,LONG,18.32,18.61,0.01582969432314406
AAVE,8,2023-11-13 01:00:00,2023-11-13 01:05:00,2023-11-13 01:15:00,SHORT,104.0,103.79,0.002019230769230709
FIL,8,2023-11-13 01:10:00,2023-11-13 01:15:00,2023-11-13 01:25:00,SHORT,5.357,5.317,0.007466865783087555
FIL,8,2023-11-13 01:45:00,2023-11-13 01:50:00,2023-11-13 02:25:00,SHORT,5.432,5.522,-0.016568483063328397
FIL,8,2023-11-13 02:30:00,2023-11-13 02:35:00,2023-11-13 02:45:00,SHORT,5.549,5.539,0.001802126509281073
FIL,8,2023-11-13 02:45:00,2023-11-13 02:50:00,2023-11-13 03:00:00,SHORT,5.589,5.516,0.013061370549293325
ICP,8,2023-11-13 03:50:00,2023-11-13 03:55:00,2023-11-13 04:05:00,LONG,4.71,4.743,0.00700636942675167
FIL,8,2023-11-13 06:40:00,2023-11-13 06:45:00,2023-11-13 06:55:00,SHORT,5.583,5.5,0.014866559197564065
FIL,8,2023-11-13 07:30:00,2023-11-13 07:35:00,2023-11-13 07:50:00,SHORT,5.591,5.527,0.011446968341978189
AVAX,8,2023-11-13 13:10:00,2023-11-13 13:15:00,2023-11-13 13:25:00,LONG,17.18,17.28,0.005820721769499501
INJ,8,2023-11-13 14:40:00,2023-11-13 14:45:00,2023-11-13 15:00:00,LONG,16.166,16.356,0.011753061981937478
ARB,8,2023-11-13 17:15:00,2023-11-13 17:20:00,2023-11-13 17:30:00,LONG,1.1418,1.1531,0.009896654405325002
AVAX,8,2023-11-13 21:10:00,2023-11-13 21:15:00,2023-11-13 21:25:00,LONG,16.49,16.66,0.010309278350515568
AVAX,8,2023-11-13 21:30:00,2023-11-13 21:35:00,2023-11-13 21:50:00,LONG,16.27,16.45,0.011063306699446817
ALGO,8,2023-11-13 21:30:00,2023-11-13 21:35:00,2023-11-13 21:50:00,LONG,0.1344,0.1361,0.012648809523809578
ICP,8,2023-11-13 21:30:00,2023-11-13 21:35:00,2023-11-13 21:50:00,LONG,4.535,4.609,0.016317530319735356
AXS,8,2023-11-13 21:30:00,2023-11-13 21:35:00,2023-11-13 21:50:00,LONG,6.14,6.17,0.00488599348534206
GRT,8,2023-11-13 21:30:00,2023-11-13 21:35:00,2023-11-13 21:50:00,LONG,0.1243,0.1259,0.012872083668543992
INJ,8,2023-11-13 21:30:00,2023-11-13 21:35:00,2023-11-13 21:50:00,LONG,15.214,15.453,0.015709215196529444
AVAX,8,2023-11-13 21:50:00,2023-11-13 21:55:00,2023-11-13 22:10:00,LONG,16.21,16.37,0.00987045033929674
FIL,8,2023-11-14 00:20:00,2023-11-14 00:25:00,2023-11-14 00:35:00,LONG,4.892,4.956,0.013082583810302546
AVAX,8,2023-11-14 13:35:00,2023-11-14 13:40:00,2023-11-14 13:55:00,SHORT,17.45,17.31,0.008022922636103184
INJ,8,2023-11-14 13:45:00,2023-11-14 13:50:00,2023-11-14 14:00:00,SHORT,16.287,16.019,0.01645484128446004
AVAX,8,2023-11-14 14:15:00,2023-11-14 14:20:00,2023-11-14 14:30:00,SHORT,17.63,17.61,0.001134429948950628
AVAX,8,2023-11-14 14:40:00,2023-11-14 14:45:00,2023-11-14 15:05:00,SHORT,17.95,17.84,0.006128133704735345
LINK,8,2023-11-14 15:20:00,2023-11-14 15:25:00,2023-11-14 15:35:00,SHORT,13.949,13.963,-0.0010036561760699222
AVAX,8,2023-11-14 15:20:00,2023-11-14 15:25:00,2023-11-14 15:40:00,LONG,17.09,17.36,0.015798712697483883
INJ,8,2023-11-14 17:15:00,2023-11-14 17:20:00,2023-11-14 17:30:00,LONG,15.29,15.528,0.01556572923479407
ALGO,8,2023-11-14 18:50:00,2023-11-14 18:55:00,2023-11-14 19:10:00,LONG,0.1246,0.1269,0.018459069020866855
AAVE,8,2023-11-14 18:50:00,2023-11-14 18:55:00,2023-11-14 19:10:00,LONG,87.3,88.77,0.01683848797250858
FIL,8,2023-11-14 18:50:00,2023-11-14 18:55:00,2023-11-14 19:10:00,LONG,4.664,4.715,0.010934819897084083
AVAX,8,2023-11-15 07:05:00,2023-11-15 07:10:00,2023-11-15 07:35:00,SHORT,18.5,18.67,-0.009189189189189281
AVAX,8,2023-11-15 09:05:00,2023-11-15 09:10:00,2023-11-15 09:30:00,SHORT,19.24,19.49,-0.012993762993762994
AVAX,8,2023-11-15 11:40:00,2023-11-15 11:45:00,2023-11-15 12:00:00,SHORT,19.84,19.64,0.010080645161290288
AVAX,8,2023-11-15 12:40:00,2023-11-15 12:45:00,2023-11-15 13:10:00,SHORT,19.56,19.47,0.004601226993865024
AVAX,8,2023-11-15 15:15:00,2023-11-15 15:20:00,2023-11-15 15:30:00,SHORT,19.78,19.76,0.0010111223458038206
AVAX,8,2023-11-15 15:45:00,2023-11-15 15:50:00,2023-11-15 16:05:00,SHORT,20.22,20.21,0.0004945598417407523
AVAX,8,2023-11-15 16:10:00,2023-11-15 16:15:00,2023-11-15 16:35:00,SHORT,20.23,20.3,-0.0034602076124567614
AVAX,8,2023-11-15 16:35:00,2023-11-15 16:40:00,2023-11-15 16:50:00,SHORT,20.61,20.57,0.0019408054342551747
AVAX,8,2023-11-15 17:25:00,2023-11-15 17:30:00,2023-11-15 17:55:00,SHORT,20.15,20.29,-0.006947890818858589
AVAX,8,2023-11-16 03:00:00,2023-11-16 03:05:00,2023-11-16 03:20:00,SHORT,21.34,21.54,-0.009372071227741297
AVAX,8,2023-11-16 03:45:00,2023-11-16 03:50:00,2023-11-16 04:05:00,SHORT,22.26,22.32,-0.002695417789757355
AVAX,8,2023-11-16 06:50:00,2023-11-16 06:55:00,2023-11-16 07:25:00,SHORT,23.38,23.57,-0.008126603934987224
AVAX,8,2023-11-16 07:35:00,2023-11-16 07:40:00,2023-11-16 07:50:00,SHORT,23.89,23.66,0.009627459187944764
AVAX,8,2023-11-16 08:20:00,2023-11-16 08:25:00,2023-11-16 08:35:00,SHORT,23.83,23.59,0.010071338648762
DOGE,8,2023-11-16 10:40:00,2023-11-16 10:45:00,2023-11-16 11:10:00,SHORT,0.08128,0.08197,-0.008489173228346409
AVAX,8,2023-11-16 12:20:00,2023-11-16 12:25:00,2023-11-16 12:35:00,LONG,22.66,22.91,0.011032656663724626
DOGE,8,2023-11-16 12:20:00,2023-11-16 12:25:00,2023-11-16 12:35:00,LONG,0.07871,0.07993,0.015499936475670167
AVAX,8,2023-11-16 16:20:00,2023-11-16 16:25:00,2023-11-16 16:45:00,LONG,22.42,22.44,0.0008920606601248694
INJ,8,2023-11-16 19:10:00,2023-11-16 19:15:00,2023-11-16 19:45:00,LONG,15.968,16.015,0.0029433867735471314
AVAX,8,2023-11-16 19:15:00,2023-11-16 19:20:00,2023-11-16 19:45:00,LONG,21.59,21.39,-0.00926354793886055
DOGE,8,2023-11-16 19:30:00,2023-11-16 19:35:00,2023-11-16 19:45:00,LONG,0.07668,0.07824,0.020344287949921828
ADA,8,2023-11-16 19:30:00,2023-11-16 19:35:00,2023-11-16 19:50:00,LONG,0.3615,0.3625,0.0027662517289073333
AVAX,8,2023-11-16 21:05:00,2023-11-16 21:10:00,2023-11-16 21:20:00,LONG,21.23,21.53,0.014130946773433854
AVAX,8,2023-11-16 23:15:00,2023-11-16 23:20:00,2023-11-16 23:35:00,LONG,21.24,21.41,0.00800376647834283
AVAX,8,2023-11-17 00:25:00,2023-11-17 00:30:00,2023-11-17 00:40:00,SHORT,23.05,22.71,0.014750542299349235
AVAX,8,2023-11-17 00:55:00,2023-11-17 01:00:00,2023-11-17 01:10:00,SHORT,23.13,22.79,0.014699524427150881
AVAX,8,2023-11-17 01:45:00,2023-11-17 01:50:00,2023-11-17 02:15:00,SHORT,23.66,24.22,-0.023668639053254385
AVAX,8,2023-11-17 02:25:00,2023-11-17 02:30:00,2023-11-17 02:40:00,SHORT,24.41,24.17,0.00983203605079879
HBAR,8,2023-11-17 06:40:00,2023-11-17 06:45:00,2023-11-17 07:15:00,SHORT,0.0651,0.06835500000000001,-0.050000000000000114
DOGE,8,2023-11-17 09:00:00,2023-11-17 09:05:00,2023-11-17 09:25:00,SHORT,0.08569,0.08662,-0.010853075037927415
AVAX,8,2023-11-17 09:30:00,2023-11-17 09:35:00,2023-11-17 09:55:00,LONG,21.66,21.82,0.007386888273314873
AVAX,8,2023-11-17 15:00:00,2023-11-17 15:05:00,2023-11-17 15:15:00,LONG,20.61,20.84,0.011159631246967512
AVAX,8,2023-11-17 15:40:00,2023-11-17 15:45:00,2023-11-17 16:10:00,LONG,20.31,20.48,0.00837026095519457
AVAX,8,2023-11-17 17:05:00,2023-11-17 17:10:00,2023-11-17 17:20:00,SHORT,21.36,21.15,0.009831460674157343
AVAX,8,2023-11-17 17:40:00,2023-11-17 17:45:00,2023-11-17 17:55:00,SHORT,21.42,21.29,0.006069094304388541
INJ,8,2023-11-17 17:45:00,2023-11-17 17:50:00,2023-11-17 18:05:00,SHORT,15.935,16.012,-0.004832130530279257
DOGE,8,2023-11-18 13:15:00,2023-11-18 13:20:00,2023-11-18 13:40:00,LONG,0.08093,0.08034,-0.007290250834054209
AVAX,8,2023-11-19 23:40:00,2023-11-19 23:45:00,2023-11-19 23:55:00,SHORT,23.0,22.82,0.007826086956521728
HBAR,8,2023-11-20 00:55:00,2023-11-20 01:00:00,2023-11-20 01:10:00,SHORT,0.0649,0.0645,0.006163328197226465
BNB,8,2023-11-20 17:45:00,2023-11-20 17:50:00,2023-11-20 18:00:00,SHORT,264.4,260.9,0.013237518910741302
BNB,8,2023-11-21 01:30:00,2023-11-21 01:35:00,2023-11-21 02:00:00,SHORT,265.5,265.9,-0.001506591337099726
GRT,8,2023-11-21 15:30:00,2023-11-21 15:35:00,2023-11-21 15:45:00,LONG,0.1319,0.1325,0.004548900682335233
AVAX,8,2023-11-21 16:15:00,2023-11-21 16:20:00,2023-11-21 16:35:00,SHORT,21.97,21.87,0.0045516613563949876
BNB,8,2023-11-21 16:40:00,2023-11-21 16:45:00,2023-11-21 16:55:00,SHORT,264.7,262.3,0.009066868152625529
AVAX,8,2023-11-21 17:35:00,2023-11-21 17:40:00,2023-11-21 17:50:00,LONG,20.86,20.82,-0.0019175455417065747
BNB,8,2023-11-21 17:35:00,2023-11-21 17:40:00,2023-11-21 18:15:00,LONG,249.4,236.93,-0.049999999999999996
EOS,8,2023-11-21 18:00:00,2023-11-21 18:05:00,2023-11-21 18:20:00,LONG,0.658,0.66,0.0030395136778115527
GRT,8,2023-11-21 18:00:00,2023-11-21 18:05:00,2023-11-21 18:20:00,LONG,0.1295,0.1297,0.0015444015444015886
AXS,8,2023-11-21 18:00:00,2023-11-21 18:05:00,2023-11-21 18:20:00,LONG,5.67,5.67,0.0
FIL,8,2023-11-21 18:00:00,2023-11-21 18:05:00,2023-11-21 18:20:00,LONG,4.32,4.347,0.006250000000000031
AVAX,8,2023-11-21 18:00:00,2023-11-21 18:05:00,2023-11-21 18:30:00,LONG,20.5,20.7,0.009756097560975575
ATOM,8,2023-11-21 18:00:00,2023-11-21 18:05:00,2023-11-21 18:20:00,LONG,8.447,8.5,0.006274416952764393
ICP,8,2023-11-21 18:05:00,2023-11-21 18:10:00,2023-11-21 18:20:00,LONG,4.17,4.196,0.006235011990407626
ALGO,8,2023-11-21 18:05:00,2023-11-21 18:10:00,2023-11-21 18:20:00,LONG,0.1271,0.128,0.007081038552321102
INJ,8,2023-11-21 18:15:00,2023-11-21 18:20:00,2023-11-21 18:30:00,SHORT,14.899,15.146,-0.016578293845224624
BNB,8,2023-11-21 18:15:00,2023-11-21 18:20:00,2023-11-21 18:35:00,LONG,239.1,240.9,0.007528230865746597
GRT,8,2023-11-21 18:20:00,2023-11-21 18:25:00,2023-11-21 18:35:00,SHORT,0.1292,0.1304,-0.009287925696594262
AVAX,8,2023-11-21 22:30:00,2023-11-21 22:35:00,2023-11-21 23:25:00,LONG,19.64,19.2,-0.022403258655804545
BNB,8,2023-11-21 22:40:00,2023-11-21 22:45:00,2023-11-21 23:15:00,LONG,228.2,227.0,-0.0052585451358457
AXS,8,2023-11-21 22:50:00,2023-11-21 22:55:00,2023-11-21 23:10:00,LONG,5.52,5.54,0.003623188405797185
FIL,8,2023-11-21 22:55:00,2023-11-21 23:00:00,2023-11-21 23:10:00,LONG,4.191,4.236,0.010737294201861114
AAVE,8,2023-11-22 14:35:00,2023-11-22 14:40:00,2023-11-22 14:50:00,SHORT,94.4,93.75,0.006885593220339043
AVAX,8,2023-11-22 19:00:00,2023-11-22 19:05:00,2023-11-22 19:25:00,SHORT,21.0,21.18,-0.008571428571428558
GRT,8,2023-11-24 08:55:00,2023-11-24 09:00:00,2023-11-24 09:40:00,SHORT,0.1498,0.1528,-0.020026702269692942
INJ,8,2023-11-24 16:00:00,2023-11-24 16:05:00,2023-11-24 16:20:00,SHORT,16.17,16.092,0.00482374768089072
GRT,8,2023-11-25 01:40:00,2023-11-25 01:45:00,2023-11-25 01:55:00,SHORT,0.1607,0.1612,-0.003111387678904794
AXS,8,2023-11-26 13:35:00,2023-11-26 13:40:00,2023-11-26 14:05:00,SHORT,6.56,6.888,-0.050000000000000044
AXS,8,2023-11-26 14:05:00,2023-11-26 14:10:00,2023-11-26 14:20:00,SHORT,6.88,6.74,0.02034883720930228
AXS,8,2023-11-26 14:20:00,2023-11-26 14:25:00,2023-11-26 14:40:00,SHORT,6.84,6.83,0.0014619883040935362
AXS,8,2023-11-26 15:40:00,2023-11-26 15:45:00,2023-11-26 16:00:00,LONG,6.59,6.58,-0.001517450682852775
AXS,8,2023-11-27 00:05:00,2023-11-27 00:10:00,2023-11-27 00:20:00,SHORT,7.05,6.98,0.009929078014184311
AXS,8,2023-11-27 00:30:00,2023-11-27 00:35:00,2023-11-27 01:15:00,SHORT,7.13,7.29,-0.02244039270687239
AXS,8,2023-11-27 01:15:00,2023-11-27 01:20:00,2023-11-27 01:40:00,SHORT,7.35,7.39,-0.005442176870748304
AXS,8,2023-11-27 03:30:00,2023-11-27 03:35:00,2023-11-27 03:45:00,LONG,7.14,7.21,0.00980392156862749
AXS,8,2023-11-27 10:50:00,2023-11-27 10:55:00,2023-11-27 11:10:00,LONG,6.83,6.84,0.0014641288433381826
INJ,8,2023-11-27 16:05:00,2023-11-27 16:10:00,2023-11-27 16:20:00,LONG,16.498,16.719,0.013395563098557405
AXS,8,2023-11-28 06:50:00,2023-11-28 06:55:00,2023-11-28 07:10:00,SHORT,6.89,6.79,0.014513788098693707
INJ,8,2023-11-30 04:15:00,2023-11-30 04:20:00,2023-11-30 04:40:00,SHORT,17.831,17.84,-0.0005047389378049655
DOT,8,2023-11-30 16:00:00,2023-11-30 16:05:00,2023-11-30 16:15:00,SHORT,5.562,5.513,0.008809780654440916
INJ,8,2023-12-04 11:10:00,2023-12-04 11:15:00,2023-12-04 11:30:00,LONG,16.585,16.758,0.010431112451009843
AVAX,8,2023-12-04 11:10:00,2023-12-04 11:15:00,2023-12-04 11:25:00,LONG,21.69,21.97,0.012909174734900764
GRT,8,2023-12-04 11:10:00,2023-12-04 11:15:00,2023-12-04 11:25:00,LONG,0.1455,0.1472,0.011683848797250908
AAVE,8,2023-12-04 11:10:00,2023-12-04 11:15:00,2023-12-04 11:25:00,LONG,98.33,99.42,0.011085121529543409
ARB,8,2023-12-04 11:10:00,2023-12-04 11:15:00,2023-12-04 11:25:00,LONG,1.0652,1.0773,0.011359369132557267
ICP,8,2023-12-04 11:15:00,2023-12-04 11:20:00,2023-12-04 11:30:00,LONG,4.882,4.991,0.02232691519868906
INJ,8,2023-12-04 11:35:00,2023-12-04 11:40:00,2023-12-04 11:50:00,SHORT,16.795,16.549,0.01464721643346247
INJ,8,2023-12-04 11:50:00,2023-12-04 11:55:00,2023-12-04 12:20:00,LONG,16.564,16.531,-0.00199227239797158
APT,8,2023-12-04 17:05:00,2023-12-04 17:10:00,2023-12-04 17:20:00,SHORT,7.6016,7.4558,0.019180172595243156
APT,8,2023-12-04 23:35:00,2023-12-04 23:40:00,2023-12-04 23:50:00,SHORT,7.8185,7.7737,0.005729999360491193
AXS,8,2023-12-05 01:05:00,2023-12-05 01:10:00,2023-12-05 01:20:00,SHORT,6.95,6.93,0.002877697841726685
INJ,8,2023-12-05 18:05:00,2023-12-05 18:10:00,2023-12-05 18:20:00,SHORT,17.108,17.0,0.006312836100070174
AVAX,8,2023-12-05 18:25:00,2023-12-05 18:30:00,2023-12-05 18:45:00,SHORT,23.91,23.81,0.004182350480970365
AVAX,8,2023-12-05 22:40:00,2023-12-05 22:45:00,2023-12-05 22:55:00,SHORT,24.72,24.31,0.01658576051779936
AXS,8,2023-12-06 00:10:00,2023-12-06 00:15:00,2023-12-06 00:25:00,SHORT,7.31,7.32,-0.0013679890560876437
AVAX,8,2023-12-06 00:15:00,2023-12-06 00:20:00,2023-12-06 00:40:00,SHORT,25.15,26.4075,-0.05000000000000002
HBAR,8,2023-12-06 00:30:00,2023-12-06 00:35:00,2023-12-06 00:45:00,SHORT,0.0681,0.0685,-0.005873715124816615
AVAX,8,2023-12-06 00:40:00,2023-12-06 00:45:00,2023-12-06 01:15:00,SHORT,26.89,26.28,0.022685013015991053
HBAR,8,2023-12-06 00:45:00,2023-12-06 00:50:00,2023-12-06 01:05:00,SHORT,0.0687,0.0699,-0.01746724890829704
AXS,8,2023-12-06 00:50:00,2023-12-06 00:55:00,2023-12-06 01:05:00,SHORT,7.42,7.38,0.005390835579514829
HBAR,8,2023-12-06 01:05:00,2023-12-06 01:10:00,2023-12-06 01:25:00,SHORT,0.0701,0.0704,-0.004279600570613532
AVAX,8,2023-12-06 01:15:00,2023-12-06 01:20:00,2023-12-06 01:40:00,SHORT,26.37,26.16,0.00796359499431175
AVAX,8,2023-12-06 01:45:00,2023-12-06 01:50:00,2023-12-06 02:15:00,SHORT,26.22,26.13,0.003432494279176196
AVAX,8,2023-12-06 02:15:00,2023-12-06 02:20:00,2023-12-06 02:30:00,SHORT,26.48,26.01,0.017749244712990893
AVAX,8,2023-12-06 02:35:00,2023-12-06 02:40:00,2023-12-06 03:10:00,SHORT,26.09,26.18,-0.00344959754695285
AVAX,8,2023-12-06 03:15:00,2023-12-06 03:20:00,2023-12-06 04:10:00,SHORT,26.37,26.58,-0.007963594994311615
AVAX,8,2023-12-06 04:45:00,2023-12-06 04:50:00,2023-12-06 05:15:00,SHORT,26.31,26.23,0.0030406689471683124
DOGE,8,2023-12-06 06:40:00,2023-12-06 06:45:00,2023-12-06 07:05:00,SHORT,0.10359,0.10277,0.00791582199053964
DOGE,8,2023-12-06 07:10:00,2023-12-06 07:15:00,2023-12-06 07:25:00,SHORT,0.10593,0.10451,0.013405078825639486
GRT,8,2023-12-06 09:35:00,2023-12-06 09:40:00,2023-12-06 09:50:00,SHORT,0.1635,0.1618,0.010397553516819615
DOGE,8,2023-12-06 11:30:00,2023-12-06 11:35:00,2023-12-06 11:45:00,LONG,0.09866,0.09986,0.012162983985404486
AXS,8,2023-12-06 11:30:00,2023-12-06 11:35:00,2023-12-06 11:50:00,LONG,6.97,7.02,0.007173601147776158
AVAX,8,2023-12-06 13:00:00,2023-12-06 13:05:00,2023-12-06 13:15:00,SHORT,26.62,26.36,0.009767092411720569
AVAX,8,2023-12-06 17:45:00,2023-12-06 17:50:00,2023-12-06 18:00:00,SHORT,27.26,27.24,0.0007336757153339371
AVAX,8,2023-12-06 18:05:00,2023-12-06 18:10:00,2023-12-06 18:20:00,SHORT,27.45,27.05,0.014571948998178454
FIL,8,2023-12-07 04:55:00,2023-12-07 05:00:00,2023-12-07 05:10:00,SHORT,4.995,5.04,-0.009009009009008995
ARB,8,2023-12-07 15:40:00,2023-12-07 15:45:00,2023-12-07 16:25:00,SHORT,1.1248,1.18104,-0.05000000000000006
ARB,8,2023-12-07 16:25:00,2023-12-07 16:30:00,2023-12-07 16:55:00,SHORT,1.1778,1.1843,-0.00551876379690945
INJ,8,2023-12-07 16:45:00,2023-12-07 16:50:00,2023-12-07 17:05:00,SHORT,17.96,17.955,0.00027839643652575487
INJ,8,2023-12-07 17:25:00,2023-12-07 17:30:00,2023-12-07 17:40:00,SHORT,18.334,18.367,-0.0017999345478346925
ADA,8,2023-12-08 11:35:00,2023-12-08 11:40:00,2023-12-08 12:00:00,SHORT,0.512,0.5201,-0.015820312499999992
ADA,8,2023-12-08 12:35:00,2023-12-08 12:40:00,2023-12-08 12:50:00,SHORT,0.518,0.5174,0.001158301158301245
ADA,8,2023-12-08 15:45:00,2023-12-08 15:50:00,2023-12-08 16:30:00,SHORT,0.5456,0.5559,-0.01887829912023456
DOT,8,2023-12-08 16:25:00,2023-12-08 16:30:00,2023-12-08 16:40:00,SHORT,6.805,6.783,0.0032329169728140122
ADA,8,2023-12-08 16:30:00,2023-12-08 16:35:00,2023-12-08 16:50:00,SHORT,0.561,0.5565,0.008021390374331656
ADA,8,2023-12-08 17:20:00,2023-12-08 17:25:00,2023-12-08 17:45:00,LONG,0.5372,0.5389,0.003164556962025381
AVAX,8,2023-12-09 00:00:00,2023-12-09 00:05:00,2023-12-09 00:20:00,SHORT,31.41,31.47,-0.0019102196752626144
AVAX,8,2023-12-09 00:20:00,2023-12-09 00:25:00,2023-12-09 00:40:00,SHORT,31.8,31.54,0.008176100628930866
DOT,8,2023-12-09 00:25:00,2023-12-09 00:30:00,2023-12-09 00:40:00,SHORT,7.165,7.155,0.0013956734124214636
DOT,8,2023-12-09 00:45:00,2023-12-09 00:50:00,2023-12-09 01:15:00,SHORT,7.262,7.23,0.004406499586890545
AVAX,8,2023-12-09 00:50:00,2023-12-09 00:55:00,2023-12-09 01:10:00,SHORT,31.6,31.18,0.013291139240506383
AVAX,8,2023-12-09 01:20:00,2023-12-09 01:25:00,2023-12-09 01:55:00,SHORT,31.4,31.43,-0.0009554140127388897
AVAX,8,2023-12-09 03:15:00,2023-12-09 03:20:00,2023-12-09 03:40:00,SHORT,32.04,31.99,0.0015605493133583244
AVAX,8,2023-12-09 04:00:00,2023-12-09 04:05:00,2023-12-09 04:15:00,SHORT,32.11,31.52,0.018374338212394887
AVAX,8,2023-12-09 06:30:00,2023-12-09 06:35:00,2023-12-09 06:45:00,SHORT,32.43,32.09,0.010484119642306392
ADA,8,2023-12-09 07:55:00,2023-12-09 08:00:00,2023-12-09 08:35:00,SHORT,0.6243,0.6394,-0.024187089540285124
AVAX,8,2023-12-09 08:00:00,2023-12-09 08:05:00,2023-12-09 08:15:00,SHORT,33.66,33.79,-0.0038621509209745266
ALGO,8,2023-12-09 08:35:00,2023-12-09 08:40:00,2023-12-09 08:50:00,SHORT,0.1962,0.198,-0.009174311926605484
ALGO,8,2023-12-09 13:20:00,2023-12-09 13:25:00,2023-12-09 13:35:00,LONG,0.215,0.2198,0.02232558139534883
ALGO,8,2023-12-09 13:35:00,2023-12-09 13:40:00,2023-12-09 14:00:00,LONG,0.2176,0.218,0.0018382352941176997
ALGO,8,2023-12-09 15:25:00,2023-12-09 15:30:00,2023-12-09 15:45:00,LONG,0.2103,0.211,0.003328578221588237
ALGO,8,2023-12-09 16:50:00,2023-12-09 16:55:00,2023-12-09 17:35:00,LONG,0.2026,0.1999,-0.013326752221125409
ADA,8,2023-12-09 17:45:00,2023-12-09 17:50:00,2023-12-09 18:15:00,LONG,0.5704,0.5753,0.008590462833099607
AVAX,8,2023-12-10 00:45:00,2023-12-10 00:50:00,2023-12-10 01:15:00,SHORT,32.88,33.07,-0.005778588807785819
ADA,8,2023-12-10 00:50:00,2023-12-10 00:55:00,2023-12-10 01:10:00,SHORT,0.6011,0.5997,0.0023290633837963017
AVAX,8,2023-12-10 19:20:00,2023-12-10 19:25:00,2023-12-10 19:35:00,SHORT,35.21,34.74,0.013348480545299598
AVAX,8,2023-12-10 19:50:00,2023-12-10 19:55:00,2023-12-10 20:05:00,SHORT,35.75,35.37,0.0106293706293707
AVAX,8,2023-12-10 20:20:00,2023-12-10 20:25:00,2023-12-10 20:55:00,SHORT,36.56,37.4,-0.022975929978118058
AVAX,8,2023-12-10 20:55:00,2023-12-10 21:00:00,2023-12-10 21:10:00,SHORT,37.53,37.17,0.009592326139088713
AVAX,8,2023-12-10 21:35:00,2023-12-10 21:40:00,2023-12-10 22:00:00,SHORT,36.94,36.64,0.008121277747698896
AVAX,8,2023-12-10 22:10:00,2023-12-10 22:15:00,2023-12-10 22:35:00,SHORT,36.96,36.93,0.0008116883116883424
AVAX,8,2023-12-10 22:35:00,2023-12-10 22:40:00,2023-12-10 22:50:00,SHORT,37.08,36.89,0.00512405609492982
AVAX,8,2023-12-10 22:50:00,2023-12-10 22:55:00,2023-12-10 23:10:00,SHORT,37.18,37.0,0.004841312533620219
AVAX,8,2023-12-10 23:20:00,2023-12-10 23:25:00,2023-12-10 23:35:00,SHORT,36.98,36.81,0.004597079502433602
AVAX,8,2023-12-10 23:35:00,2023-12-10 23:40:00,2023-12-11 00:05:00,SHORT,36.98,36.95,0.0008112493239587354
INJ,8,2023-12-10 23:45:00,2023-12-10 23:50:00,2023-12-11 00:00:00,SHORT,21.355,21.278,0.0036057129477874844
AVAX,8,2023-12-11 00:05:00,2023-12-11 00:10:00,2023-12-11 00:20:00,SHORT,37.46,37.0,0.01227976508275496
AVAX,8,2023-12-11 01:05:00,2023-12-11 01:10:00,2023-12-11 01:20:00,LONG,35.94,36.19,0.006956037840845855
INJ,8,2023-12-11 02:10:00,2023-12-11 02:15:00,2023-12-11 02:35:00,LONG,19.987,20.763,0.038825236403662554
ARB,8,2023-12-11 02:10:00,2023-12-11 02:15:00,2023-12-11 02:30:00,LONG,1.053,1.0838,0.02924976258309607
APT,8,2023-12-11 02:10:00,2023-12-11 02:15:00,2023-12-11 03:05:00,LONG,7.6496,7.8427,0.025243149968625728
ATOM,8,2023-12-11 02:10:00,2023-12-11 02:15:00,2023-12-11 02:25:00,LONG,9.8,9.994,0.019795918367346843
AVAX,8,2023-12-11 02:10:00,2023-12-11 02:15:00,2023-12-11 02:30:00,LONG,33.8,34.81,0.029881656804733883
ICP,8,2023-12-11 02:10:00,2023-12-11 02:15:00,2023-12-11 02:25:00,LONG,5.172,5.319,0.0284222737819026
HBAR,8,2023-12-11 02:10:00,2023-12-11 02:15:00,2023-12-11 02:35:00,LONG,0.0691,0.0708,0.024602026049204157
LTC,8,2023-12-11 02:10:00,2023-12-11 02:15:00,2023-12-11 02:25:00,LONG,72.23,73.33,0.015229129170704615
LINK,8,2023-12-11 02:10:00,2023-12-11 02:15:00,2023-12-11 02:30:00,LONG,14.548,14.824,0.018971679956007684
ALGO,8,2023-12-11 02:10:00,2023-12-11 02:15:00,2023-12-11 03:10:00,LONG,0.1785,0.185,0.03641456582633057
FIL,8,2023-12-11 02:10:00,2023-12-11 02:15:00,2023-12-11 03:15:00,LONG,4.691,4.826,0.02877851204434018
ETH,8,2023-12-11 02:10:00,2023-12-11 02:15:00,2023-12-11 02:25:00,LONG,2205.19,2235.17,0.013595200413569814
BTC,8,2023-12-11 02:10:00,2023-12-11 02:15:00,2023-12-11 02:30:00,LONG,41714.0,42230.06,0.012371386105384227
AXS,8,2023-12-11 02:10:00,2023-12-11 02:15:00,2023-12-11 02:30:00,LONG,7.16,7.24,0.011173184357541908
DOT,8,2023-12-11 02:10:00,2023-12-11 02:15:00,2023-12-11 02:40:00,LONG,6.55,6.729,0.0273282442748092
EOS,8,2023-12-11 02:10:00,2023-12-11 02:15:00,2023-12-11 02:25:00,LONG,0.765,0.774,0.011764705882352951
GRT,8,2023-12-11 02:10:00,2023-12-11 02:15:00,2023-12-11 02:25:00,LONG,0.1574,0.1611,0.023506988564167604
AAVE,8,2023-12-11 02:10:00,2023-12-11 02:15:00,2023-12-11 02:30:00,LONG,89.05,91.37,0.026052779337450954
ADA,8,2023-12-11 02:10:00,2023-12-11 02:15:00,2023-12-11 02:35:00,LONG,0.5365,0.5563,0.036905871388630086
GRT,8,2023-12-11 02:25:00,2023-12-11 02:30:00,2023-12-11 02:45:00,SHORT,0.1618,0.1603,0.009270704573547598
ICP,8,2023-12-11 02:25:00,2023-12-11 02:30:00,2023-12-11 03:00:00,LONG,5.276,5.3,0.004548900682335107
LINK,8,2023-12-11 02:30:00,2023-12-11 02:35:00,2023-12-11 03:15:00,LONG,14.805,14.933,0.008645727794663972
AAVE,8,2023-12-11 02:30:00,2023-12-11 02:35:00,2023-12-11 02:45:00,SHORT,91.65,90.81,0.009165302782324096
ADA,8,2023-12-11 02:35:00,2023-12-11 02:40:00,2023-12-11 03:05:00,LONG,0.5557,0.5528,-0.005218643152780302
ARB,8,2023-12-11 02:35:00,2023-12-11 02:40:00,2023-12-11 03:10:00,LONG,1.077,1.0757,-0.0012070566388113805
ATOM,8,2023-12-11 02:35:00,2023-12-11 02:40:00,2023-12-11 03:10:00,LONG,9.949,9.94,-0.0009046135289979236
DOGE,8,2023-12-11 02:35:00,2023-12-11 02:40:00,2023-12-11 02:55:00,LONG,0.0981,0.09808,-0.00020387359836907361
AXS,8,2023-12-11 02:40:00,2023-12-11 02:45:00,2023-12-11 03:05:00,LONG,7.15,7.2,0.006993006993006968
DOT,8,2023-12-11 02:40:00,2023-12-11 02:45:00,2023-12-11 03:10:00,LONG,6.677,6.796,0.0178223753182568
HBAR,8,2023-12-11 02:40:00,2023-12-11 02:45:00,2023-12-11 03:05:00,LONG,0.0698,0.0704,0.008595988538681995
GRT,8,2023-12-11 02:45:00,2023-12-11 02:50:00,2023-12-11 03:10:00,LONG,0.1589,0.1613,0.015103838892385054
AAVE,8,2023-12-11 02:45:00,2023-12-11 02:50:00,2023-12-11 03:05:00,LONG,90.38,91.17,0.008740871874308545
EOS,8,2023-12-11 02:45:00,2023-12-11 02:50:00,2023-12-11 03:05:00,LONG,0.769,0.773,0.005201560468140447
INJ,8,2023-12-11 02:50:00,2023-12-11 02:55:00,2023-12-11 03:15:00,SHORT,21.748,21.955,-0.009518116608423633
DOGE,8,2023-12-11 02:55:00,2023-12-11 03:00:00,2023-12-11 03:10:00,SHORT,0.09748,0.09882,-0.013746409519901599
INJ,8,2023-12-11 03:25:00,2023-12-11 03:30:00,2023-12-11 04:00:00,SHORT,22.239,22.521,-0.01268042627815999
AVAX,8,2023-12-11 03:35:00,2023-12-11 03:40:00,2023-12-11 04:00:00,SHORT,36.49,36.41,0.0021923814743766896
ALGO,8,2023-12-11 03:40:00,2023-12-11 03:45:00,2023-12-11 03:55:00,SHORT,0.1893,0.1884,0.0047543581616480935
HBAR,8,2023-12-11 03:40:00,2023-12-11 03:45:00,2023-12-11 04:00:00,SHORT,0.0724,0.0726,-0.0027624309392264065
LINK,8,2023-12-11 03:45:00,2023-12-11 03:50:00,2023-12-11 04:00:00,SHORT,15.129,15.1,0.0019168484367770452
DOGE,8,2023-12-11 04:00:00,2023-12-11 04:05:00,2023-12-11 04:15:00,SHORT,0.10177,0.10077,0.009826078412105737
INJ,8,2023-12-11 04:05:00,2023-12-11 04:10:00,2023-12-11 04:20:00,SHORT,22.972,22.71,0.011405188925648634
AVAX,8,2023-12-11 04:20:00,2023-12-11 04:25:00,2023-12-11 04:50:00,LONG,35.66,35.68,0.000560852495793694
INJ,8,2023-12-11 04:55:00,2023-12-11 05:00:00,2023-12-11 05:10:00,SHORT,22.585,22.348,0.01049369050254602
INJ,8,2023-12-11 05:15:00,2023-12-11 05:20:00,2023-12-11 05:30:00,SHORT,22.342,22.099,0.010876376331572759
INJ,8,2023-12-11 08:20:00,2023-12-11 08:25:00,2023-12-11 08:40:00,LONG,20.95,21.012,0.0029594272076372873
INJ,8,2023-12-11 11:10:00,2023-12-11 11:15:00,2023-12-11 11:25:00,SHORT,22.498,22.325,0.007689572406436208
INJ,8,2023-12-11 11:40:00,2023-12-11 11:45:00,2023-12-11 11:55:00,SHORT,23.015,23.0,0.0006517488594395207
INJ,8,2023-12-11 14:05:00,2023-12-11 14:10:00,2023-12-11 14:20:00,SHORT,23.653,23.579,0.0031285672007778324
AVAX,8,2023-12-11 16:40:00,2023-12-11 16:45:00,2023-12-11 16:55:00,SHORT,36.55,36.31,0.0065663474692201065
AVAX,8,2023-12-11 17:20:00,2023-12-11 17:25:00,2023-12-11 17:35:00,SHORT,36.81,37.07,-0.007063298016843194
AVAX,8,2023-12-11 18:25:00,2023-12-11 18:30:00,2023-12-11 18:40:00,LONG,35.46,36.15,0.019458544839255434
INJ,8,2023-12-11 20:25:00,2023-12-11 20:30:00,2023-12-11 20:40:00,SHORT,23.497,23.363,0.005702855683704317
INJ,8,2023-12-11 20:50:00,2023-12-11 20:55:00,2023-12-11 21:05:00,SHORT,23.975,23.607,0.015349322210636167
ALGO,8,2023-12-11 21:30:00,2023-12-11 21:35:00,2023-12-11 22:10:00,SHORT,0.1949,0.199,-0.021036428937916987
AVAX,8,2023-12-11 21:35:00,2023-12-11 21:40:00,2023-12-11 22:10:00,SHORT,37.98,38.86,-0.02317008952080049
AVAX,8,2023-12-11 22:25:00,2023-12-11 22:30:00,2023-12-11 22:40:00,SHORT,39.2,38.97,0.005867346938775611
ALGO,8,2023-12-11 22:35:00,2023-12-11 22:40:00,2023-12-11 22:50:00,SHORT,0.2033,0.2045,-0.005902606984751494
INJ,8,2023-12-12 00:35:00,2023-12-12 00:40:00,2023-12-12 00:50:00,SHORT,25.077,24.984,0.0037085775810503634
INJ,8,2023-12-12 01:05:00,2023-12-12 01:10:00,2023-12-12 01:25:00,SHORT,26.118,25.935,0.007006662072134154
AVAX,8,2023-12-12 01:20:00,2023-12-12 01:25:00,2023-12-12 01:40:00,SHORT,40.33,40.62,-0.007190676915447537
INJ,8,2023-12-12 01:30:00,2023-12-12 01:35:00,2023-12-12 02:15:00,SHORT,26.308,26.75,-0.016800973088034063
AVAX,8,2023-12-12 01:55:00,2023-12-12 02:00:00,2023-12-12 02:25:00,SHORT,40.76,41.73,-0.023797841020608414
AVAX,8,2023-12-12 02:30:00,2023-12-12 02:35:00,2023-12-12 03:05:00,SHORT,41.93,41.88,0.0011924636298592216
INJ,8,2023-12-12 02:40:00,2023-12-12 02:45:00,2023-12-12 03:00:00,SHORT,26.709,26.668,0.0015350630873488475
INJ,8,2023-12-12 03:00:00,2023-12-12 03:05:00,2023-12-12 03:20:00,SHORT,26.908,26.558,0.013007284079084339
AVAX,8,2023-12-12 03:05:00,2023-12-12 03:10:00,2023-12-12 03:20:00,SHORT,42.29,41.91,0.008985575786237942
INJ,8,2023-12-12 03:30:00,2023-12-12 03:35:00,2023-12-12 03:50:00,SHORT,26.638,26.555,0.003115849538253696
AVAX,8,2023-12-12 03:45:00,2023-12-12 03:50:00,2023-12-12 04:10:00,SHORT,41.86,41.85,0.0002388915432393218
INJ,8,2023-12-12 04:00:00,2023-12-12 04:05:00,2023-12-12 04:40:00,SHORT,26.644,26.522,0.004578892058249508
AVAX,8,2023-12-12 04:25:00,2023-12-12 04:30:00,2023-12-12 04:40:00,SHORT,41.7,41.73,-0.0007194244604315115
AVAX,8,2023-12-12 05:05:00,2023-12-12 05:10:00,2023-12-12 05:40:00,SHORT,41.95,42.4,-0.01072705601907022
INJ,8,2023-12-12 05:30:00,2023-12-12 05:35:00,2023-12-12 05:50:00,SHORT,26.805,26.647,0.005894422682335432
AVAX,8,2023-12-12 05:40:00,2023-12-12 05:45:00,2023-12-12 05:55:00,SHORT,42.49,42.09,0.009413979759943483
INJ,8,2023-12-12 07:20:00,2023-12-12 07:25:00,2023-12-12 07:35:00,SHORT,26.148,26.046,0.003900871959614514
DOT,8,2023-12-12 07:55:00,2023-12-12 08:00:00,2023-12-12 08:10:00,SHORT,7.254,7.242,0.0016542597187757882
ATOM,8,2023-12-12 08:05:00,2023-12-12 08:10:00,2023-12-12 08:20:00,SHORT,10.951,10.718,0.0212765957446809
AVAX,8,2023-12-12 08:35:00,2023-12-12 08:40:00,2023-12-12 08:55:00,SHORT,41.29,41.04,0.006054734802615646
ATOM,8,2023-12-12 12:50:00,2023-12-12 12:55:00,2023-12-12 13:25:00,SHORT,11.335,11.592,-0.02267313630348475
ATOM,8,2023-12-12 13:30:00,2023-12-12 13:35:00,2023-12-12 14:10:00,SHORT,11.716,12.3018,-0.050000000000000065
APT,8,2023-12-12 14:00:00,2023-12-12 14:05:00,2023-12-12 14:35:00,SHORT,8.6946,8.7802,-0.009845191268143587
ATOM,8,2023-12-12 14:10:00,2023-12-12 14:15:00,2023-12-12 14:30:00,SHORT,12.352,11.915,0.035378886010362785
ATOM,8,2023-12-12 15:05:00,2023-12-12 15:10:00,2023-12-12 15:20:00,SHORT,11.81,11.718,0.0077900084674005525
AVAX,8,2023-12-12 15:20:00,2023-12-12 15:25:00,2023-12-12 15:40:00,LONG,37.67,38.1,0.011414919033713822
ATOM,8,2023-12-12 15:30:00,2023-12-12 15:35:00,2023-12-12 16:05:00,SHORT,11.816,11.862,-0.0038930264048746928
APT,8,2023-12-12 15:40:00,2023-12-12 15:45:00,2023-12-12 15:55:00,SHORT,9.1465,9.0278,0.012977641720876891
ATOM,8,2023-12-12 16:20:00,2023-12-12 16:25:00,2023-12-12 16:40:00,SHORT,11.766,11.76,0.0005099439061703406
INJ,8,2023-12-12 16:45:00,2023-12-12 16:50:00,2023-12-12 17:00:00,LONG,24.98,25.344,0.014571657325860719
ATOM,8,2023-12-12 16:55:00,2023-12-12 17:00:00,2023-12-12 17:10:00,SHORT,11.765,11.692,0.006204844878878062
ATOM,8,2023-12-12 17:25:00,2023-12-12 17:30:00,2023-12-12 17:55:00,LONG,11.461,11.408,-0.004624378326498632
AVAX,8,2023-12-12 17:25:00,2023-12-12 17:30:00,2023-12-12 17:50:00,LONG,36.58,36.56,-0.000546746856205468
AVAX,8,2023-12-12 17:55:00,2023-12-12 18:00:00,2023-12-12 18:10:00,LONG,36.03,36.98,0.02636691645850668
INJ,8,2023-12-12 18:05:00,2023-12-12 18:10:00,2023-12-12 18:20:00,SHORT,26.241,26.252,-0.00041919134179334755
INJ,8,2023-12-12 18:20:00,2023-12-12 18:25:00,2023-12-12 18:35:00,SHORT,26.58,26.527,0.0019939804364182572
ICP,8,2023-12-12 18:45:00,2023-12-12 18:50:00,2023-12-12 19:00:00,SHORT,5.583,5.549,0.006089915815869569
ADA,8,2023-12-12 18:45:00,2023-12-12 18:50:00,2023-12-12 19:05:00,SHORT,0.581,0.5782,0.004819277108433587
DOT,8,2023-12-12 18:50:00,2023-12-12 18:55:00,2023-12-12 19:15:00,SHORT,7.137,7.152,-0.002101723413198903
INJ,8,2023-12-12 18:50:00,2023-12-12 18:55:00,2023-12-12 19:20:00,SHORT,26.91,28.2555,-0.050000000000000044
AVAX,8,2023-12-12 18:50:00,2023-12-12 18:55:00,2023-12-12 19:05:00,SHORT,37.81,37.51,0.007934408886538066
INJ,8,2023-12-12 20:15:00,2023-12-12 20:20:00,2023-12-12 20:50:00,LONG,26.697,26.414,-0.010600441997228068
ARB,8,2023-12-12 21:15:00,2023-12-12 21:20:00,2023-12-12 21:35:00,SHORT,1.1946,1.1907,0.0032646911099949894
ARB,8,2023-12-12 23:05:00,2023-12-12 23:10:00,2023-12-12 23:25:00,SHORT,1.2274,1.2382,-0.008799087502036762
ARB,8,2023-12-12 23:25:00,2023-12-12 23:30:00,2023-12-13 00:00:00,SHORT,1.2452,1.2521,-0.005541278509476314
APT,8,2023-12-12 23:35:00,2023-12-12 23:40:00,2023-12-12 23:55:00,SHORT,9.1574,9.1233,0.0037237643872715465
AVAX,8,2023-12-13 01:25:00,2023-12-13 01:30:00,2023-12-13 02:05:00,LONG,35.11,35.22,0.0031330105383081583
DOT,8,2023-12-13 01:45:00,2023-12-13 01:50:00,2023-12-13 02:05:00,LONG,6.864,6.892,0.0040792540792541476
INJ,8,2023-12-13 01:55:00,2023-12-13 02:00:00,2023-12-13 02:10:00,LONG,25.111,25.274,0.006491179164509587
ATOM,8,2023-12-13 01:55:00,2023-12-13 02:00:00,2023-12-13 02:15:00,LONG,11.116,11.146,0.0026988125224902066
ARB,8,2023-12-13 02:10:00,2023-12-13 02:15:00,2023-12-13 02:35:00,LONG,1.172,1.17,-0.0017064846416382268
AVAX,8,2023-12-13 13:10:00,2023-12-13 13:15:00,2023-12-13 13:40:00,SHORT,37.86,39.753,-0.05000000000000002
INJ,8,2023-12-13 13:35:00,2023-12-13 13:40:00,2023-12-13 13:50:00,SHORT,26.043,25.954,0.0034174250278385223
ADA,8,2023-12-13 13:40:00,2023-12-13 13:45:00,2023-12-13 14:00:00,SHORT,0.6099,0.6113,-0.0022954582718477732
AVAX,8,2023-12-13 13:40:00,2023-12-13 13:45:00,2023-12-13 13:55:00,SHORT,40.06,39.29,0.019221168247628633
AVAX,8,2023-12-13 14:05:00,2023-12-13 14:10:00,2023-12-13 14:20:00,LONG,37.85,38.22,0.00977542932628791
HBAR,8,2023-12-13 14:15:00,2023-12-13 14:20:00,2023-12-13 14:35:00,SHORT,0.0785,0.0783,0.002547770700637016
ADA,8,2023-12-13 14:15:00,2023-12-13 14:20:00,2023-12-13 14:30:00,SHORT,0.6195,0.6052,0.023083131557707973
ICP,8,2023-12-13 18:35:00,2023-12-13 18:40:00,2023-12-13 18:55:00,SHORT,6.134,6.158,-0.003912618193674604
INJ,8,2023-12-13 19:00:00,2023-12-13 19:05:00,2023-12-13 19:20:00,SHORT,27.748,27.847,-0.003567824708087076
INJ,8,2023-12-13 19:30:00,2023-12-13 19:35:00,2023-12-13 19:45:00,SHORT,27.819,27.835,-0.0005751464826198566
AVAX,8,2023-12-13 19:30:00,2023-12-13 19:35:00,2023-12-13 20:10:00,SHORT,40.83,40.92,-0.0022042615723733387
ADA,8,2023-12-13 19:30:00,2023-12-13 19:35:00,2023-12-13 19:45:00,SHORT,0.6298,0.6315,-0.0026992696093996885
INJ,8,2023-12-13 19:45:00,2023-12-13 19:50:00,2023-12-13 20:05:00,SHORT,27.93,28.014,-0.003007518796992468
ADA,8,2023-12-13 19:45:00,2023-12-13 19:50:00,2023-12-13 20:05:00,SHORT,0.6385,0.6388,-0.00046985121378242446
ATOM,8,2023-12-13 19:50:00,2023-12-13 19:55:00,2023-12-13 20:05:00,SHORT,11.494,11.511,-0.0014790325387158047
ARB,8,2023-12-13 19:55:00,2023-12-13 20:00:00,2023-12-13 20:15:00,SHORT,1.1892,1.1861,0.002606794483686598
INJ,8,2023-12-13 20:10:00,2023-12-13 20:15:00,2023-12-13 21:05:00,SHORT,28.378,29.02,-0.022623158784974257
INJ,8,2023-12-13 21:20:00,2023-12-13 21:25:00,2023-12-13 21:35:00,SHORT,29.185,28.977,0.007126948775055625
INJ,8,2023-12-13 21:45:00,2023-12-13 21:50:00,2023-12-13 22:05:00,SHORT,28.854,28.671,0.006342274901226861
INJ,8,2023-12-13 22:05:00,2023-12-13 22:10:00,2023-12-13 22:35:00,SHORT,28.786,28.921,-0.004689779754047037
ADA,8,2023-12-13 22:05:00,2023-12-13 22:10:00,2023-12-13 22:30:00,SHORT,0.6536,0.6652,-0.017747858017135947
ADA,8,2023-12-13 22:35:00,2023-12-13 22:40:00,2023-12-13 22:55:00,SHORT,0.6701,0.665,0.007610804357558563
INJ,8,2023-12-13 22:45:00,2023-12-13 22:50:00,2023-12-13 23:15:00,SHORT,29.091,29.232,-0.004846859853562897
ADA,8,2023-12-13 23:10:00,2023-12-13 23:15:00,2023-12-13 23:25:00,SHORT,0.6645,0.661,0.005267118133935211
ADA,8,2023-12-13 23:35:00,2023-12-13 23:40:00,2023-12-13 23:50:00,SHORT,0.6666,0.659,0.011401140114011311
INJ,8,2023-12-13 23:45:00,2023-12-13 23:50:00,2023-12-14 00:20:00,SHORT,28.99,30.4395,-0.05000000000000002
ADA,8,2023-12-13 23:55:00,2023-12-14 00:00:00,2023-12-14 00:10:00,SHORT,0.6677,0.669,-0.0019469821776248
INJ,8,2023-12-14 00:20:00,2023-12-14 00:25:00,2023-12-14 00:45:00,SHORT,30.136,31.6428,-0.050000000000000065
INJ,8,2023-12-14 00:45:00,2023-12-14 00:50:00,2023-12-14 01:00:00,SHORT,31.577,30.978,0.018969503119359032
ADA,8,2023-12-14 01:00:00,2023-12-14 01:05:00,2023-12-14 01:20:00,SHORT,0.6679,0.6656,0.00344362928582135
INJ,8,2023-12-14 01:25:00,2023-12-14 01:30:00,2023-12-14 02:05:00,SHORT,30.796,31.056,-0.008442654890245538
INJ,8,2023-12-14 02:15:00,2023-12-14 02:20:00,2023-12-14 02:35:00,SHORT,31.107,31.121,-0.0004500594721445124
INJ,8,2023-12-14 02:35:00,2023-12-14 02:40:00,2023-12-14 02:50:00,SHORT,31.431,30.982,0.014285259775381044
INJ,8,2023-12-14 02:55:00,2023-12-14 03:00:00,2023-12-14 03:40:00,SHORT,31.251,31.05,0.006431794182586173
INJ,8,2023-12-14 04:05:00,2023-12-14 04:10:00,2023-12-14 04:55:00,SHORT,31.149,31.231,-0.0026325082667180565
INJ,8,2023-12-14 04:55:00,2023-12-14 05:00:00,2023-12-14 05:10:00,SHORT,31.242,31.138,0.0033288521861596313
INJ,8,2023-12-14 05:15:00,2023-12-14 05:20:00,2023-12-14 06:05:00,SHORT,31.277,31.338,-0.0019503149279022905
INJ,8,2023-12-14 06:05:00,2023-12-14 06:10:00,2023-12-14 06:25:00,SHORT,31.489,31.505,-0.0005081139445520098
INJ,8,2023-12-14 06:55:00,2023-12-14 07:00:00,2023-12-14 07:10:00,SHORT,31.296,31.548,-0.008052147239263768
INJ,8,2023-12-14 07:40:00,2023-12-14 07:45:00,2023-12-14 07:55:00,SHORT,31.942,31.628,0.009830317450378814
INJ,8,2023-12-14 14:00:00,2023-12-14 14:05:00,2023-12-14 14:20:00,LONG,31.731,31.849,0.0037187608332545003
INJ,8,2023-12-14 14:30:00,2023-12-14 14:35:00,2023-12-14 14:45:00,SHORT,32.176,31.676,0.015539532570860378
INJ,8,2023-12-14 16:45:00,2023-12-14 16:50:00,2023-12-14 17:05:00,SHORT,32.217,32.465,-0.007697799298507144
INJ,8,2023-12-14 17:25:00,2023-12-14 17:30:00,2023-12-14 17:40:00,SHORT,32.96,32.222,0.022390776699029113
LINK,8,2023-12-14 17:40:00,2023-12-14 17:45:00,2023-12-14 17:55:00,SHORT,15.548,15.441,0.006881914072549481
AAVE,8,2023-12-14 21:05:00,2023-12-14 21:10:00,2023-12-14 21:40:00,SHORT,103.5,104.49,-0.009565217391304299
DOT,8,2023-12-14 22:30:00,2023-12-14 22:35:00,2023-12-14 22:45:00,SHORT,7.715,7.693,0.0028515878159429994
AAVE,8,2023-12-15 08:55:00,2023-12-15 09:00:00,2023-12-15 09:10:00,SHORT,112.68,111.66,0.009052183173589015
INJ,8,2023-12-15 13:55:00,2023-12-15 14:00:00,2023-12-15 14:10:00,SHORT,31.954,31.675,0.008731301245540462
ICP,8,2023-12-15 13:55:00,2023-12-15 14:00:00,2023-12-15 14:25:00,SHORT,7.04,7.067,-0.003835227272727292
INJ,8,2023-12-15 14:10:00,2023-12-15 14:15:00,2023-12-15 14:35:00,SHORT,32.769,32.703,0.0020140986908357104
ICP,8,2023-12-15 14:25:00,2023-12-15 14:30:00,2023-12-15 14:40:00,SHORT,7.16,7.081,0.011033519553072588
INJ,8,2023-12-15 14:40:00,2023-12-15 14:45:00,2023-12-15 14:55:00,SHORT,32.795,32.593,0.006159475529806317
ICP,8,2023-12-15 14:50:00,2023-12-15 14:55:00,2023-12-15 15:15:00,SHORT,7.171,7.184,-0.0018128573420722214
ICP,8,2023-12-15 15:15:00,2023-12-15 15:20:00,2023-12-15 15:35:00,SHORT,7.311,7.237,0.010121734372862788
AAVE,8,2023-12-15 15:30:00,2023-12-15 15:35:00,2023-12-15 16:00:00,LONG,111.41,111.09,-0.0028722735840588207
ICP,8,2023-12-15 15:35:00,2023-12-15 15:40:00,2023-12-15 16:20:00,SHORT,7.268,7.364,-0.01320858558062742
ICP,8,2023-12-15 16:20:00,2023-12-15 16:25:00,2023-12-15 16:35:00,SHORT,7.453,7.305,0.01985777539245949
AVAX,8,2023-12-15 16:45:00,2023-12-15 16:50:00,2023-12-15 17:05:00,LONG,39.1,39.65,0.01406649616368279
ICP,8,2023-12-15 16:50:00,2023-12-15 16:55:00,2023-12-15 17:05:00,LONG,7.154,7.229,0.010483645512999745
ICP,8,2023-12-15 19:35:00,2023-12-15 19:40:00,2023-12-15 19:50:00,SHORT,7.32,7.301,0.002595628415300564
ICP,8,2023-12-15 20:20:00,2023-12-15 20:25:00,2023-12-15 21:45:00,SHORT,7.335,7.518,-0.024948875255623698
INJ,8,2023-12-15 23:15:00,2023-12-15 23:20:00,2023-12-16 00:05:00,LONG,30.818,29.815,-0.03254591472516062
INJ,8,2023-12-16 00:05:00,2023-12-16 00:10:00,2023-12-16 00:20:00,LONG,29.006,29.87,0.029786940632972516
ICP,8,2023-12-16 02:30:00,2023-12-16 02:35:00,2023-12-16 03:05:00,SHORT,7.64,7.681,-0.005366492146596907
ICP,8,2023-12-16 03:20:00,2023-12-16 03:25:00,2023-12-16 03:35:00,SHORT,7.846,7.857,-0.0014019882742799033
ICP,8,2023-12-16 03:40:00,2023-12-16 03:45:00,2023-12-16 03:55:00,SHORT,7.982,7.932,0.006264094211976926
ICP,8,2023-12-16 04:25:00,2023-12-16 04:30:00,2023-12-16 04:45:00,SHORT,8.161,8.56905,-0.05000000000000014
ICP,8,2023-12-16 04:45:00,2023-12-16 04:50:00,2023-12-16 05:20:00,SHORT,8.559,8.98695,-0.050000000000000114
FIL,8,2023-12-16 05:15:00,2023-12-16 05:20:00,2023-12-16 05:40:00,SHORT,5.158,5.248,-0.017448623497479613
ICP,8,2023-12-16 05:20:00,2023-12-16 05:25:00,2023-12-16 05:45:00,SHORT,8.995,8.882,0.012562534741523019
ICP,8,2023-12-16 05:50:00,2023-12-16 05:55:00,2023-12-16 06:05:00,SHORT,8.916,8.838,0.008748317631224897
ICP,8,2023-12-16 06:20:00,2023-12-16 06:25:00,2023-12-16 06:35:00,LONG,8.552,8.658,0.01239476145930775
ICP,8,2023-12-16 08:00:00,2023-12-16 08:05:00,2023-12-16 08:15:00,SHORT,8.996,9.08,-0.009337483325922592
INJ,8,2023-12-16 08:25:00,2023-12-16 08:30:00,2023-12-16 08:40:00,SHORT,31.485,31.312,0.005494680006352177
ICP,8,2023-12-16 10:05:00,2023-12-16 10:10:00,2023-12-16 10:45:00,LONG,9.326,8.8597,-0.05000000000000004
FIL,8,2023-12-16 12:30:00,2023-12-16 12:35:00,2023-12-16 12:50:00,SHORT,5.393,5.4,-0.001297978861487217
ICP,8,2023-12-16 16:10:00,2023-12-16 16:15:00,2023-12-16 16:45:00,LONG,9.52,10.89,0.14390756302521018
ICP,8,2023-12-16 16:45:00,2023-12-16 16:50:00,2023-12-16 17:00:00,SHORT,10.803,10.895,-0.008516152920484934
FIL,8,2023-12-16 16:50:00,2023-12-16 16:55:00,2023-12-16 17:20:00,SHORT,5.612,5.72,-0.01924447612259438
ICP,8,2023-12-16 17:00:00,2023-12-16 17:05:00,2023-12-16 17:35:00,SHORT,11.465,10.99,0.04143044047099866
FIL,8,2023-12-16 17:20:00,2023-12-16 17:25:00,2023-12-16 17:35:00,SHORT,5.745,5.754,-0.0015665796344646566
INJ,8,2023-12-16 17:20:00,2023-12-16 17:25:00,2023-12-16 17:35:00,SHORT,32.676,31.989,0.021024605214836612
FIL,8,2023-12-16 17:35:00,2023-12-16 17:40:00,2023-12-16 17:55:00,SHORT,5.799,5.861,-0.010691498534229934
ICP,8,2023-12-16 17:40:00,2023-12-16 17:45:00,2023-12-16 18:10:00,SHORT,11.127,11.463,-0.030196818549474116
INJ,8,2023-12-16 17:55:00,2023-12-16 18:00:00,2023-12-16 18:15:00,LONG,30.932,30.99,0.0018750808224492382
FIL,8,2023-12-16 18:10:00,2023-12-16 18:15:00,2023-12-16 18:25:00,SHORT,5.958,5.819,0.02332997650218198
ICP,8,2023-12-16 18:10:00,2023-12-16 18:15:00,2023-12-16 18:25:00,LONG,11.801,11.21095,-0.049999999999999975
INJ,8,2023-12-16 18:15:00,2023-12-16 18:20:00,2023-12-16 18:30:00,SHORT,30.911,30.823,0.002846882986639092
FIL,8,2023-12-16 18:35:00,2023-12-16 18:40:00,2023-12-16 18:55:00,SHORT,6.041,6.036,0.0008276775368317797
ICP,8,2023-12-16 18:45:00,2023-12-16 18:50:00,2023-12-16 19:10:00,LONG,10.915,10.36925,-0.05
AVAX,8,2023-12-16 18:50:00,2023-12-16 18:55:00,2023-12-16 19:05:00,LONG,42.75,43.45,0.01637426900584802
FIL,8,2023-12-16 18:55:00,2023-12-16 19:00:00,2023-12-16 19:10:00,SHORT,6.173,5.968,0.033209136562449386
ICP,8,2023-12-16 19:10:00,2023-12-16 19:15:00,2023-12-16 19:55:00,LONG,10.414,10.27,-0.013827539850201664
INJ,8,2023-12-16 19:20:00,2023-12-16 19:25:00,2023-12-16 20:05:00,LONG,29.718,29.43,-0.009691096305269542
ICP,8,2023-12-16 22:45:00,2023-12-16 22:50:00,2023-12-16 23:00:00,LONG,9.849,10.042,0.019595898060716786
FIL,8,2023-12-16 23:10:00,2023-12-16 23:15:00,2023-12-16 23:25:00,LONG,5.638,5.751,0.020042568286626542
ICP,8,2023-12-17 04:10:00,2023-12-17 04:15:00,2023-12-17 04:45:00,LONG,11.001,11.014,0.0011817107535678484
ICP,8,2023-12-17 04:45:00,2023-12-17 04:50:00,2023-12-17 05:30:00,LONG,11.122,10.5659,-0.050000000000000065
ICP,8,2023-12-17 05:40:00,2023-12-17 05:45:00,2023-12-17 06:00:00,LONG,10.463,10.497,0.0032495460193061932
FIL,8,2023-12-17 05:50:00,2023-12-17 05:55:00,2023-12-17 06:05:00,LONG,5.488,5.551,0.011479591836734642
ICP,8,2023-12-17 06:35:00,2023-12-17 06:40:00,2023-12-17 07:00:00,LONG,10.162,10.274,0.011021452469986058
ICP,8,2023-12-17 13:20:00,2023-12-17 13:25:00,2023-12-17 13:35:00,LONG,10.562,10.779,0.020545351259231258
ICP,8,2023-12-17 14:20:00,2023-12-17 14:25:00,2023-12-17 14:35:00,SHORT,11.321,11.041,0.024732797456055063
ICP,8,2023-12-17 15:55:00,2023-12-17 16:00:00,2023-12-17 16:10:00,SHORT,11.319,11.338,-0.0016785935153280634
ICP,8,2023-12-17 19:25:00,2023-12-17 19:30:00,2023-12-17 19:40:00,SHORT,11.551,11.509,0.003636048826941374
ICP,8,2023-12-17 23:05:00,2023-12-17 23:10:00,2023-12-17 23:40:00,LONG,10.693,10.688,-0.00046759562330487284
INJ,8,2023-12-18 00:55:00,2023-12-18 01:00:00,2023-12-18 01:15:00,SHORT,32.1,32.377,-0.008629283489096605
ICP,8,2023-12-18 01:30:00,2023-12-18 01:35:00,2023-12-18 01:50:00,LONG,10.143,10.214,0.006999901409839271
INJ,8,2023-12-18 02:10:00,2023-12-18 02:15:00,2023-12-18 02:30:00,LONG,30.688,30.62,-0.0022158498435869995
ICP,8,2023-12-18 02:10:00,2023-12-18 02:15:00,2023-12-18 02:40:00,LONG,9.881,9.881,0.0
INJ,8,2023-12-18 02:30:00,2023-12-18 02:35:00,2023-12-18 02:45:00,SHORT,30.595,30.813,-0.007125347278967151
ICP,8,2023-12-18 02:45:00,2023-12-18 02:50:00,2023-12-18 03:00:00,LONG,9.549,9.733,0.01926903340663955
ICP,8,2023-12-18 07:50:00,2023-12-18 07:55:00,2023-12-18 08:05:00,LONG,9.338,9.433,0.010173484686228383
ICP,8,2023-12-18 09:05:00,2023-12-18 09:10:00,2023-12-18 09:35:00,LONG,9.223,9.257,0.003686436083703667
FIL,8,2023-12-18 10:30:00,2023-12-18 10:35:00,2023-12-18 10:45:00,LONG,4.899,4.939,0.008164931618697701
AVAX,8,2023-12-18 10:30:00,2023-12-18 10:35:00,2023-12-18 10:45:00,LONG,36.7,37.13,0.011716621253405985
INJ,8,2023-12-18 11:55:00,2023-12-18 12:00:00,2023-12-18 12:10:00,SHORT,31.334,31.101,0.007436011999744704
INJ,8,2023-12-18 13:45:00,2023-12-18 13:50:00,2023-12-18 14:10:00,SHORT,31.839,31.864,-0.0007852005402180386
AVAX,8,2023-12-18 13:50:00,2023-12-18 13:55:00,2023-12-18 14:05:00,SHORT,39.43,39.34,0.0022825259954348544
ICP,8,2023-12-18 14:35:00,2023-12-18 14:40:00,2023-12-18 14:50:00,SHORT,10.126,10.09,0.003555204424254354
ICP,8,2023-12-18 15:00:00,2023-12-18 15:05:00,2023-12-18 15:15:00,SHORT,10.253,10.088,0.016092850872915333
INJ,8,2023-12-18 15:10:00,2023-12-18 15:15:00,2023-12-18 15:25:00,SHORT,33.125,32.76,0.011018867924528362
ICP,8,2023-12-18 16:05:00,2023-12-18 16:10:00,2023-12-18 16:20:00,LONG,9.726,9.841,0.011823976968949046
INJ,8,2023-12-18 21:20:00,2023-12-18 21:25:00,2023-12-18 22:05:00,SHORT,33.55,34.528,-0.02915052160953805
INJ,8,2023-12-18 22:05:00,2023-12-18 22:10:00,2023-12-18 22:20:00,SHORT,34.58,36.309,-0.04999999999999998
INJ,8,2023-12-18 22:20:00,2023-12-18 22:25:00,2023-12-18 22:35:00,SHORT,36.29,35.868,0.011628547809313779
INJ,8,2023-12-18 22:35:00,2023-12-18 22:40:00,2023-12-18 23:00:00,SHORT,36.541,36.51,0.0008483621137899567
INJ,8,2023-12-18 23:10:00,2023-12-18 23:15:00,2023-12-18 23:25:00,SHORT,36.4,36.286,0.0031318681318680554
INJ,8,2023-12-18 23:25:00,2023-12-18 23:30:00,2023-12-18 23:55:00,SHORT,36.587,36.71,-0.0033618498373738635
INJ,8,2023-12-18 23:55:00,2023-12-19 00:00:00,2023-12-19 00:10:00,SHORT,36.881,36.504,0.010222065562213672
INJ,8,2023-12-19 00:15:00,2023-12-19 00:20:00,2023-12-19 00:35:00,SHORT,36.718,36.656,0.0016885451277303969
INJ,8,2023-12-19 00:50:00,2023-12-19 00:55:00,2023-12-19 01:05:00,SHORT,36.878,36.67,0.005640219100818873
INJ,8,2023-12-19 01:05:00,2023-12-19 01:10:00,2023-12-19 01:30:00,SHORT,36.855,36.852,8.14000814000845e-05
ICP,8,2023-12-19 01:20:00,2023-12-19 01:25:00,2023-12-19 01:40:00,SHORT,10.188,10.697400000000002,-0.050000000000000114
INJ,8,2023-12-19 01:40:00,2023-12-19 01:45:00,2023-12-19 02:10:00,SHORT,37.034,37.28,-0.00664254468866453
ICP,8,2023-12-19 01:40:00,2023-12-19 01:45:00,2023-12-19 02:00:00,SHORT,10.734,10.609,0.0116452394261226
ICP,8,2023-12-19 02:05:00,2023-12-19 02:10:00,2023-12-19 02:20:00,SHORT,10.677,10.722,-0.0042146670413037305
INJ,8,2023-12-19 02:25:00,2023-12-19 02:30:00,2023-12-19 02:45:00,SHORT,37.26,37.436,-0.0047235641438540515
AAVE,8,2023-12-19 02:30:00,2023-12-19 02:35:00,2023-12-19 02:45:00,SHORT,105.56,105.4,0.0015157256536566558
INJ,8,2023-12-19 02:50:00,2023-12-19 02:55:00,2023-12-19 03:05:00,SHORT,37.784,37.488,0.007834003811136973
INJ,8,2023-12-19 03:45:00,2023-12-19 03:50:00,2023-12-19 04:05:00,SHORT,37.59,37.38,0.005586592178770972
INJ,8,2023-12-19 04:10:00,2023-12-19 04:15:00,2023-12-19 04:25:00,SHORT,38.327,37.646,0.017768152999191104
INJ,8,2023-12-19 04:55:00,2023-12-19 05:00:00,2023-12-19 05:35:00,SHORT,37.885,38.258,-0.009845585324006987
INJ,8,2023-12-19 05:40:00,2023-12-19 05:45:00,2023-12-19 06:05:00,SHORT,38.358,38.301,0.0014860003128420423
INJ,8,2023-12-19 06:15:00,2023-12-19 06:20:00,2023-12-19 06:30:00,SHORT,38.334,38.177,0.004095580946418416
INJ,8,2023-12-19 06:30:00,2023-12-19 06:35:00,2023-12-19 06:45:00,SHORT,38.558,38.241,0.00822138077701126
INJ,8,2023-12-19 06:50:00,2023-12-19 06:55:00,2023-12-19 08:30:00,SHORT,38.464,39.542,-0.02802620632279542
INJ,8,2023-12-19 09:05:00,2023-12-19 09:10:00,2023-12-19 09:25:00,SHORT,38.821,38.775,0.0011849256845521594
INJ,8,2023-12-20 03:50:00,2023-12-20 03:55:00,2023-12-20 04:05:00,SHORT,38.442,38.111,0.008610374070027654
INJ,8,2023-12-20 07:45:00,2023-12-20 07:50:00,2023-12-20 08:15:00,SHORT,41.077,41.85,-0.018818316819631503
INJ,8,2023-12-20 08:15:00,2023-12-20 08:20:00,2023-12-20 08:40:00,SHORT,42.082,42.066,0.0003802100660614571
INJ,8,2023-12-20 08:45:00,2023-12-20 08:50:00,2023-12-20 09:20:00,SHORT,42.44,42.891,-0.010626767200754018
INJ,8,2023-12-20 09:20:00,2023-12-20 09:25:00,2023-12-20 09:45:00,SHORT,43.192,42.731,0.010673272828301503
INJ,8,2023-12-20 09:50:00,2023-12-20 09:55:00,2023-12-20 10:15:00,SHORT,42.749,42.534,0.005029357411869363
INJ,8,2023-12-20 10:25:00,2023-12-20 10:30:00,2023-12-20 10:40:00,SHORT,42.531,42.233,0.007006653970045421
INJ,8,2023-12-20 10:45:00,2023-12-20 10:50:00,2023-12-20 11:20:00,SHORT,42.616,42.693,-0.0018068331143232161
INJ,8,2023-12-20 11:20:00,2023-12-20 11:25:00,2023-12-20 11:35:00,SHORT,42.783,42.396,0.00904564897272282
INJ,8,2023-12-20 11:40:00,2023-12-20 11:45:00,2023-12-20 12:00:00,SHORT,42.559,42.355,0.00479334570831083
INJ,8,2023-12-20 12:25:00,2023-12-20 12:30:00,2023-12-20 12:45:00,SHORT,42.374,42.414,-0.0009439750790578927
INJ,8,2023-12-20 14:25:00,2023-12-20 14:30:00,2023-12-20 14:40:00,SHORT,43.34,42.724,0.014213197969543302
INJ,8,2023-12-20 14:55:00,2023-12-20 15:00:00,2023-12-20 15:25:00,LONG,41.078,40.995,-0.0020205462778130753
