因子名称,IC均值_P1,Rank_IC均值_P1,ICIR_P1,Group1平均收益_P1,Group2平均收益_P1,Group3平均收益_P1,Group4平均收益_P1,Group5平均收益_P1,多空收益_P1,Sharpe_Ratio_P1,最大回撤_P1,累积收益率_P1,IC均值_P2,Rank_IC均值_P2,ICIR_P2,Group1平均收益_P2,Group2平均收益_P2,Group3平均收益_P2,Group4平均收益_P2,Group5平均收益_P2,多空收益_P2,Sharpe_Ratio_P2,最大回撤_P2,累积收益率_P2
oscillator_extreme_velocity_3_48,0.0440382866694418,0.051624084960916,0.216724148029459,-0.0001647113313183,-5.3339333987985447e-05,1.674234178379322e-05,5.524794375502187e-05,0.0002051426696178,0.0003698540009362,51.805087513822215,-0.1569423718361767,16421.228185539054,0.0214579393820784,0.0279765548132538,0.095942312576827,8.374126176004716e-05,0.0001154400505438,0.0001410309724833,0.0002128878358396,0.0002997290229566,0.0002159877611965,17.94301090340306,-0.2960575695867405,246.8480676605642
oscillator_ar_quality_6_24,0.0344915555273554,0.0454338093031128,0.1542808621853657,-8.947417200437086e-05,-5.350700504984152e-05,1.0362075034363327e-05,5.3280681234496587e-05,0.00014671556949,0.0002361897414944,30.60329792809906,-0.3433705704790569,477.0470999835256,0.0256011554673519,0.0344786462501283,0.1042551371202016,9.580975788732e-05,0.0001458403452698,0.0001523152652514,0.0001789846848572,0.0002818301708363,0.0001860204129489,14.101676651574074,-0.6984768414166007,107.82834069259869
oscillator_evr_3_24,-0.0029827681882887,-0.0117508437924287,-0.0154844895757985,5.9740636262730695e-05,1.846386010231612e-05,1.7737431153332787e-06,4.803145508718084e-06,-1.5834806818967428e-05,7.557544308169813e-05,11.462872498781286,-0.2704825521108683,6.955255949317608,0.0030240959298519,-0.0032956594615524,0.0151755394561984,0.0002020669059512,0.0001702654185442,0.0001417155725892,0.0001590537619093,0.000179026128161,-2.304077779020832e-05,-2.1065454470754075,-0.6016975749360752,0.4601679709466184
momentum_asymaccel_24,0.0329661391310217,0.0400184750285582,0.1598791120011578,-0.000112849605433,-3.437768096852517e-05,-2.7448252980246326e-06,6.615740139370255e-05,0.000153554251999,0.000266403857432,37.374850650254864,-0.1105662617539988,1074.1774468766123,0.019249468474158,0.0244136871147451,0.0851812617198417,8.408936062089162e-05,0.0001413156771117,0.0001619289742547,0.0001870967476383,0.0002819996024297,0.0001979102418088,16.07031905773866,-0.2333646608396864,152.41544178680758
momentum_cross_dev_12,-0.0315146029211891,-0.0402336270363624,-0.1396458983660672,0.0001359714614116,5.662819746832184e-05,2.9112267222293228e-05,-3.4702766559724e-05,-0.0001101948643338,0.0002461663257455,30.48575552869874,-0.2492967781447782,617.2317228774011,-0.0181019193003244,-0.0265412479394679,-0.0759224617942666,0.0002500126094771,0.0001846918481977,0.0001903832860372,0.0001585974434751,7.92320515096727e-05,0.0001707805579674,13.20680104169248,-0.771293359013294,72.81321473812352
momentum_emadistancereversion_20,0.010076498718769,0.014640387678977,0.0477119963814177,3.685336254701689e-06,-2.8195092178634883e-05,1.0045563121529626e-05,4.4811593693496425e-05,3.82475957002792e-05,3.4562259445577515e-05,4.717531719760078,-0.589234955588149,2.318186744820992,0.0154340973911622,0.0175785982504284,0.0676703004230066,0.0001380038617589,0.0001373637503418,0.0001343473452618,0.000171003586331,0.000273553662322,0.000135549800563,10.79253601454197,-0.6061443176948141,29.09554941612251
momentum_mom_1,-0.0001688043838125,-0.0335851667252432,-0.0014604685506705,0.0001456780925264,8.10063660206421e-05,-5.698283447948285e-07,-6.899226181509427e-05,-8.969678312494563e-05,0.0002353748756514,33.551992988037135,-0.0973629938713279,476.094663656693,-9.484045914120554e-05,-0.0176356770286006,-0.0006302847015081,0.000223705120815,0.0002236648967066,0.0002227532782024,0.0001629246071244,4.150593175755642e-05,0.0001821991890575,16.20569172754313,-0.1336093963039108,104.57197020453854
momentum_mom_2,-0.0002573544161921,-0.0313595914543463,-0.002231498020051,0.0001221855310244,8.094134066926367e-05,-1.019966979257176e-05,-5.292062798040355e-05,-7.102441598846072e-05,0.0001932099470128,27.48604575771018,-0.2030216787538845,155.7832104327985,0.0001927907819642,-0.0196624853265694,0.0012830440852146,0.0002409324183886,0.0002490001675505,0.0002173359011459,0.0001509317172117,1.697260662295275e-05,-0.0002239598117656,-19.79389024335606,-0.9982178650877668,0.0022178576986641
momentum_mom_3,-0.0006176569701761,-0.0285622099054029,-0.0053906733059268,0.0001112188266392,7.19038942416393e-05,1.5380807930906086e-06,-5.090379214137032e-05,-6.328580206755768e-05,0.0001745046287067,24.7193328098844,-0.2364981707097013,94.85275746093308,0.0010964405250904,-0.0179907921622296,0.0072742409010969,0.0002233299757951,0.0002398820436939,0.0002344907143642,0.0001536806211745,2.5284016257942818e-05,-0.0001980459595372,-17.50327420195046,-0.9966699091893148,0.0044073626738927
momentum_mom_6,-0.0013917248686677,-0.0233705714093257,-0.0120243362768436,8.190606286408203e-05,6.042426373429047e-05,-3.0071018387693343e-06,-3.0642526240923426e-05,-3.601020056023603e-05,0.0001179162634243,16.66275705126616,-0.3593281613736167,21.17864963365205,0.0014398209765051,-0.0145537272969784,0.0095842450300363,0.0002117554750278,0.0002104176578666,0.0002497858936081,0.00016356750584,4.071954226700128e-05,-0.0001710359327608,-15.047120013449154,-0.9926633066553008,0.0090039194175558
momentum_osrs_24,0.0297779692230059,0.0374217888615514,0.1415721353050184,-6.715632499547902e-05,-4.257366826779988e-05,2.667961535609312e-06,2.2553794195575904e-05,0.0001479515698379,0.0002151078948334,29.041123467883327,-0.2984640577286137,274.8201452890884,0.0234876179148821,0.0293772525640074,0.1055587670118216,0.0001269125583127,0.0001352523635699,0.0001388791698079,0.0001567460543013,0.0002902692332166,0.0001633566749038,13.15469125458039,-0.783270194921582,60.84480115154637
momentum_pme_3_48,0.0145094501594028,0.0209196635196408,0.0665206384672074,-3.646323713551676e-05,-1.4958403365683038e-05,1.3855566315455897e-05,2.6653961981180306e-05,7.085692372741479e-05,0.0001073201608629,14.27154082868224,-0.3956198352001769,15.780531996252131,0.0166708345975204,0.0179318845653546,0.0730076568689505,8.883021967275049e-05,0.0001709765516634,0.0001670741798726,0.0001807430435441,0.0002513845133571,0.0001625542936844,13.18765741301258,-0.6970832773079216,59.52242127573506
momentum_ppo_144_312_108,-0.0001624761504284,-0.0052326715875892,-0.0006022102111347,-2.3300096053844936e-05,1.5393022883595785e-05,4.852888095019095e-06,3.209296697545513e-05,6.835080199802067e-06,-3.0135176253646994e-05,-3.493614371493941,-0.8335481662024475,0.4101164086546707,-0.0003111841536768,-0.0104591237447329,-0.0010640135697306,0.0001264414099911,0.0001708095663575,0.0001613887686559,0.0001702253868869,0.0002468256378718,-0.0001203842278807,-8.149821391608219,-0.9904924714887012,0.0316674743129085
momentum_ppo_3_6_2,-0.0302612658591636,-0.0380836300081896,-0.104825731684671,0.0001159408917018,4.4845329368980943e-05,1.278145417673535e-05,-2.280473277065856e-05,-7.745436709412626e-05,0.0001933952587959,21.26647369571164,-0.4225163096779945,149.36955529224838,-0.0280588179712327,-0.0361216202447143,-0.0923732536733446,0.0002947995493595,0.0001894095345125,0.0001510325148936,0.0001370053406747,8.555040500965856e-05,0.0002092491443498,14.005337969068156,-0.6284389724443618,186.882733214754
momentum_roc_1,-0.05735899869374,-0.0648093167151242,-0.2093979938522812,0.000247448315035,7.977507529901564e-05,1.1565397715600084e-05,-7.643074435839729e-05,-0.0001944992768295,0.0004419475918645,50.63319146300749,-0.1455942724944048,108894.3294899802,-0.0298771459810409,-0.0364912172300759,-0.1033788250026807,0.00030883321256,0.0002095399840819,0.0001673139334397,0.0001142071484102,5.987434160152102e-05,0.0002489588709585,17.59006070326264,-0.3542482311378591,552.8077903292103
momentum_roc_1152,-0.0027820171663481,-0.0149185294692904,-0.0095453155006171,2.906994792159281e-05,2.347863718083448e-05,-8.13061263555232e-06,-1.9400835828826995e-05,1.775506333500587e-05,1.1314884586586932e-05,1.2039405586091851,-0.8243413859376519,1.1842356717645857,4.54567841357679e-05,-0.0132289526311249,0.000147490462509,0.0001409217930795,0.0001720097254481,0.0001456260068415,0.0002091967990436,0.0002335113552517,9.258956217212034e-05,5.917794910258295,-0.8034896510432094,7.539281642778606
momentum_roc_12,-0.0348695061111337,-0.0453203392973323,-0.1163184070558931,0.0001459998437498,3.665227082760399e-05,1.1050959007187604e-05,-4.174121682078027e-05,-7.399791789742128e-05,0.0002199977616472,23.78132619443778,-0.4860627976298839,300.4670645491881,-0.0337761712359037,-0.0455575649856703,-0.1076416190475952,0.0003112471997379,0.0001629719353852,0.0001314591779472,0.0001177468392423,0.0001247371231305,0.0001865100766073,12.166506143538893,-0.7554464871775561,100.55022116797022
momentum_roc_1400,0.0005537807352929,-0.012581989920712,0.001869703869878,2.127953862710637e-05,1.7497519748065033e-05,-1.56677516353631e-05,2.122310640383955e-06,4.0295883406098e-05,1.90163447789916e-05,2.0167387138986648,-0.5664032232617449,1.4331479453352298,0.0008647526141781,-0.0121073036274759,0.0028155615077799,0.0001551207275127,0.0001759471936675,0.0001494632245507,0.0001977576677615,0.0002551403511271,0.0001000196236144,6.422193073329523,-0.7624479793301923,8.931566901290585
momentum_roc_144,-0.015385675789659,-0.0225272864438535,-0.0531253837918393,4.84304803051678e-05,2.168580275253645e-05,4.72492600939242e-06,-1.2911310595202534e-05,8.979475525819923e-06,3.94510047793479e-05,4.295806787283582,-0.6381903096865161,2.515630889867165,-0.0111896995282072,-0.0262757723784706,-0.0362507278565048,0.0001974602171772,0.0001603703907969,0.0001166633416728,0.0001365191766741,0.0002483161052913,-5.085588811414829e-05,-3.382915189133478,-0.9738463793047732,0.1914374092152033
momentum_short_accel_revert_6_24,-0.02727088872204,-0.0336360299452605,-0.1284312745807959,0.0001396371402491,5.677020770098923e-05,4.569319231326253e-06,-3.476529919764445e-05,-9.9004191739748e-05,0.0002386413319888,32.38530042562528,-0.1847430602676164,511.3259573891265,-0.0136683875526805,-0.017390251208702,-0.0589732491361126,0.0002573478628938,0.0001819996500522,0.0001609894558156,0.0001482154407815,0.0001012046261304,0.0001561432367634,12.52602406019638,-0.7499842414101426,50.108483798922926
momentum_roc_2,-0.0541885303970051,-0.063000695675267,-0.1921229917109975,0.0002255325084988,7.423612408078579e-05,1.2785111239260764e-05,-5.94048263200423e-05,-0.0001829423388036,0.0004084748473024,45.60729940293228,-0.2733400380881743,44615.27762583397,-0.0349582267967871,-0.0420687320585504,-0.1181236013967938,0.0003410271987171,0.0002087990047005,0.0001543835431479,0.000139025970806,1.7554685141448023e-05,0.0003234725135757,22.23931617707732,-0.3546870088515237,3913.979890434517
momentum_roc_288,-0.0094602205189329,-0.0178978740380013,-0.0332791100248122,2.3458801488635742e-05,3.5157658282602373e-06,-8.95922106127422e-06,1.0117429691036649e-06,4.882861684892754e-06,1.8575939803743e-05,2.0643874850846697,-0.6533677732274548,1.4552803204332434,-0.0100875203625876,-0.0258528598096563,-0.0325061674789148,0.0002033869376727,0.0001499422904193,0.0001401212051731,0.0001084163777255,0.0002528993565844,-4.9512418911653816e-05,-3.205105233558196,-0.9836930311399492,0.1966185439670886
momentum_roc_3,-0.049927114131415,-0.0591121108915292,-0.1748662759429076,0.0002034739344018,7.737019077636748e-05,1.569356782035424e-05,-6.499276914729333e-05,-0.0001603821155667,0.0003638560499685,40.6672058409368,-0.2958113768389372,13687.913820025957,-0.0348786404934756,-0.0434954275222492,-0.116021475168886,0.0003322512085287,0.0002110924427864,0.0001604821687884,0.0001171606083811,3.8266172891467774e-05,0.0002939850356372,19.814274793059585,-0.4646341616458167,1770.6032096147917
momentum_roc_576,-0.0013003283298549,-0.0134848579625978,-0.004594478104315,-9.676577004644031e-07,2.559088983510377e-05,-2.8116027023323056e-05,-7.284898615309082e-06,2.5824652953229004e-05,-2.6792310653693447e-05,-2.9040948076284607,-0.833931466151874,0.4447491282318015,-0.0003487449687094,-0.0148489126944648,-0.001131076959945,0.0001424151082871,0.0001569512320029,0.0001367659324064,0.0001486703434823,0.0002502543659781,-0.000107839257691,-6.918852138461493,-0.9875814368045585,0.0438956980554469
momentum_roc_6,-0.0397445830384234,-0.0507017877654301,-0.1357056568344442,0.0001572942973237,5.974465498094349e-05,1.5487391329977836e-06,-4.5615030710918125e-05,-0.0001016891967997,0.0002589834941235,28.249415579595368,-0.4647739855348024,846.404420226082,-0.0324446136079234,-0.0430731003800139,-0.1049477524064941,0.0002972228022042,0.0001823359905529,0.0001365009912331,0.0001356071517789,0.0001034132733717,0.0001938095288325,12.762154835234506,-0.7149726021127909,122.8336600450852
momentum_tsi_300_156,-0.0152295051084025,-0.0250527641522217,-0.0643987513834464,6.54566502091677e-05,3.218630583337826e-05,-1.3175887708224196e-05,-2.5266966242361504e-05,5.630150766347546e-06,5.9826499442820135e-05,7.450354862072667,-0.6125449727937792,4.4529628099222975,-0.0115738840204973,-0.0238742433795301,-0.0444479241605962,0.0002152938067386,0.0001389119249231,0.0001063157596049,0.0001132954356339,0.0002651981438682,-4.990433712964717e-05,-3.546320289326907,-0.97204712043873,0.2025333234335577
momentum_tsi_600_300,-0.0152295051084025,-0.0250527641522217,-0.0643987513834464,6.54566502091677e-05,3.218630583337826e-05,-1.3175887708224196e-05,-2.5266966242361504e-05,5.630150766347546e-06,5.9826499442820135e-05,7.450354862072667,-0.6125449727937792,4.4529628099222975,-0.0115738840204973,-0.0238742433795301,-0.0444479241605962,0.0002152938067386,0.0001389119249231,0.0001063157596049,0.0001132954356339,0.0002651981438682,-4.990433712964717e-05,-3.546320289326907,-0.97204712043873,0.2025333234335577
momentum_tsi_6_3,-0.0152295051084025,-0.0250527641522217,-0.0643987513834464,6.54566502091677e-05,3.218630583337826e-05,-1.3175887708224196e-05,-2.5266966242361504e-05,5.630150766347546e-06,5.9826499442820135e-05,7.450354862072667,-0.6125449727937792,4.4529628099222975,-0.0115738840204973,-0.0238742433795301,-0.0444479241605962,0.0002152938067386,0.0001389119249231,0.0001063157596049,0.0001132954356339,0.0002651981438682,-4.990433712964717e-05,-3.546320289326907,-0.97204712043873,0.2025333234335577
oscillator_cci_240,-0.0002743615598229,-0.0126933041687553,-0.0024715743453516,3.3430756946730464e-06,1.4384381821298644e-06,-4.18459532939515e-05,1.0613057930693022e-05,4.537504376930218e-05,-4.203196807462914e-05,-4.6041827982382735,-0.8268846281820433,0.2956848639211565,0.0050123359918775,-0.0140247413417461,0.038104062202863,0.0001753951419578,0.0001512476204998,0.0001608801149939,0.0001584954588532,0.0002254001592888,5.000501733100949e-05,3.745576664878506,-0.870342397153063,2.9059498260801657
oscillator_cci_3,-0.0075515622936713,-0.0137257163736204,-0.0365758173661838,1.1965069701819337e-05,-2.391590374058206e-06,2.5782771694089124e-06,2.008577947397662e-05,3.9585914138542845e-05,-2.7620844436723488e-05,-2.9992473555958834,-0.8037300287566759,0.4274932293284366,-0.006149436211212,-0.0169825753547755,-0.0305653699325677,0.0001419381430453,0.0001694186048142,0.0001791040450306,0.000183013102128,0.0001913206235705,-4.938248052512451e-05,-3.6416857671227376,-0.9100441058066244,0.2092165685465984
oscillator_cci_6,-0.0101485299451328,-0.0158118602432477,-0.0455530036500728,8.14175841152533e-06,4.529676031402234e-06,1.08596414444473e-05,1.5884854131474823e-05,3.341218198759004e-05,-2.527042357606473e-05,-2.6487184016245284,-0.8517395003015371,0.4510710364147816,-0.0053256781437852,-0.0162624055943052,-0.0261380151800375,0.0001235296672609,0.0001498489377955,0.0001913685583505,0.0002140100638435,0.0001890761409659,-6.554647370495684e-05,-4.792005673365252,-0.9305669507993204,0.1357533499165473
oscillator_csrank_pvdiv_36,0.0203914115669394,0.0267240404580783,0.1009124605579102,-4.796572618244972e-05,-8.575306609616733e-06,1.2326734906551318e-05,2.390029282607023e-05,8.667024626309128e-05,0.0001346359724455,18.560437661178423,-0.3173948094199133,32.72901624294418,0.0136167621880271,0.0246256610055845,0.0652831569252278,0.0001663552026481,0.0001686403844984,0.0001390062818468,0.0001613190616747,0.000211075294826,4.47200921779261e-05,3.948440498789844,-0.9183233583137156,2.730745935749721
oscillator_fisher_3,-0.00146508229444,-0.0085673502346955,-0.0081544027711238,1.7849744920581075e-05,1.2961766071235866e-05,-4.54088715357536e-06,1.744274220009128e-05,2.62741141716022e-05,-8.42436925102113e-06,-1.2563231964367536,-0.5635093666819482,0.7514422021157136,-0.0066397231349306,-0.0167918158577053,-0.0335599449451961,0.0002429542016498,0.0002017117975353,0.0001644829750858,0.0001499267999445,0.0001034537600364,0.0001395004416133,11.71170914925692,-0.7645410594842688,33.02571954899992
oscillator_fisher_6,-0.0014031125554483,-0.0096497476918632,-0.0074550546303718,2.181503139320487e-05,4.109157441604417e-06,-4.122067293445386e-07,1.1044644974198454e-05,3.42418914170092e-05,-1.2426860023804331e-05,-1.754167708258365,-0.6660830605950091,0.670976217857898,-0.0058223999295803,-0.0159979186366485,-0.0281995157792118,0.0002401896574301,0.0001451142738959,0.0001521163754848,0.0001400465521497,0.0001753092119205,6.488044550958777e-05,5.085211235681545,-0.8822459223717527,4.44306599962107
oscillator_ivr_3_12,0.0278307420801174,0.0374241640718352,0.1486029849871944,-8.683128741054901e-05,-2.391890241328007e-05,5.250958628453428e-07,6.243869475000553e-05,0.0001292435792663,0.0002160748666769,31.19997800175707,-0.2671096454664218,285.32755640287945,0.0146862253024111,0.0220877771705298,0.0761550391285636,0.0001190644228153,0.0001460294878225,0.0001723172221784,0.0001760678338995,0.0002447174863942,0.0001256530635789,10.857265739256135,-0.544744850950624,23.10799926401576
oscillator_pvda_2_6,-0.0125186184193698,-0.0189687484878904,-0.0545191333333405,6.358142358315251e-05,4.050246897886841e-05,-1.9534251960352408e-07,-2.412071350020912e-05,-6.623440724948556e-06,7.020486430810106e-05,9.650440251398187,-0.3114723808670715,5.962581196495451,-0.0152628932893508,-0.0186669380784098,-0.0653722305509896,0.0002596780414794,0.0001628676261532,0.0001573434707572,0.0001442822777546,0.0001321670767123,0.000127510964767,10.769740947876947,-0.6176945151899952,24.07873155569954
oscillator_rsi_1,-0.0368269369580239,-0.0439849273333669,-0.1675178206563575,0.0001053419040488,4.726030352010032e-05,2.044608323927362e-06,-1.326834025360149e-05,-6.304873616792355e-05,0.0001683906402167,22.995689382615176,-0.3696526437394274,80.27463493550341,-0.0164915999466335,-0.0206931307352397,-0.072905614582799,0.0002195530646421,0.0001859973129336,0.0001597611943356,0.0001404207960159,0.0001470736705104,7.247939413169441e-05,6.687133096066391,-0.5033964784073949,5.79040114134611
oscillator_rsi_12,-0.0370031964979934,-0.0517684905011682,-0.1583664200264511,0.0001611386742483,7.410321749975614e-05,-1.7287713126717246e-05,-6.397697632375895e-05,-8.892016586878017e-05,0.0002500588401171,31.366658873946854,-0.3919495849451739,688.4567260295172,-0.02639429910903,-0.0408629560863795,-0.1023163902352272,0.0003106089023951,0.0001565100677457,0.0001144742838524,8.406660767751134e-05,0.0001771194767089,0.0001334894256862,9.49725405786128,-0.8707409295971252,26.05368438161412
oscillator_rsi_168,-0.0117060856661166,-0.0239251579377092,-0.0480873685945429,5.314150905248494e-05,3.0392997378129728e-05,-8.126809401281632e-07,-3.253785636854687e-05,1.5398558809472955e-05,3.7742950243012e-05,4.751380208363241,-0.5812815682236214,2.488903867727328,-0.0070616035574423,-0.0263508106557403,-0.0256172916202997,0.0001826275162625,0.000132524722218,0.0001284499801855,0.0001051660703606,0.000295397276039,-0.0001127697597764,-7.783304041327216,-0.9931626888868008,0.0376136807841301
oscillator_rsi_2,-0.0469808545647823,-0.0590445013087389,-0.2211771963197202,0.0002103749567619,8.367416736389448e-05,8.214898828642028e-06,-8.06531308905698e-05,-0.0001542541797284,0.0003646291364903,49.35350473021939,-0.2215865961886634,14485.623155792378,-0.0281516498486541,-0.0377675473681258,-0.1212396646621431,0.0003228936242479,0.000217314153661,0.0001476143809863,0.0001043100816419,6.492055496921218e-05,0.0002579730692787,20.386260410731843,-0.455529742921417,742.1304964733324
oscillator_rsi_24,-0.0313592535719933,-0.0458696170145318,-0.1303086065973453,0.0001340700470527,7.22980076500177e-05,-1.820438553763445e-05,-6.708922434784336e-05,-5.674667467398528e-05,0.0001908167217267,23.586023092601422,-0.3983821734020908,143.00752607817316,-0.0206944370012455,-0.0372062206847591,-0.0775898171789213,0.0002828624290204,0.0001436231817313,0.0001025905358116,9.258433558990838e-05,0.0002190872429586,6.377518606182634e-05,4.472017853654707,-0.9104121511565344,4.077974704112081
oscillator_rsi_3,-0.0464267808743527,-0.0594980817832812,-0.2142253749542217,0.000202915807772,8.205827553342384e-05,1.3389496059672904e-05,-7.92962931437208e-05,-0.0001510961309925,0.0003540119387645,47.11042195768917,-0.2528963877186654,10906.93374886792,-0.0294551343797935,-0.0400106675136808,-0.1239550998190441,0.0003177121690691,0.000206713829758,0.0001559219248272,0.0001041455491665,7.225215861835548e-05,0.0002454600104507,18.93648924823737,-0.6074095188504839,526.9404766682136
oscillator_rsi_336,-0.0074042451061524,-0.0210310968333447,-0.0307339923213258,4.38880992003642e-05,2.805819037667944e-05,3.6640055181421007e-06,-5.4265770017605325e-05,4.178974857980233e-05,2.098350620561829e-06,0.2667048671653789,-0.657377257386381,0.969816099093756,-0.0032665549532816,-0.0223932366332198,-0.0118788397527266,0.0001594555401853,0.0001369959431585,0.0001505866273958,0.000141429494374,0.0002635568714725,-0.0001041013312872,-7.203415795697759,-0.993594660800424,0.0474052990250105
oscillator_rsi_4,-0.0450515922036764,-0.0586641513128341,-0.2046624428603874,0.0001928302928968,8.449421929489322e-05,5.8331026549867525e-06,-7.546736216028916e-05,-0.00013988053729,0.0003327108301869,43.83584846237961,-0.257172765282195,6195.049066940333,-0.0297517174097297,-0.0411311675632644,-0.1230085743040197,0.000317395531954,0.0001975224284603,0.0001446986055099,0.00011234901087,8.325364728097792e-05,0.000234141884673,17.722654784180616,-0.6679571643141274,386.9185770318938
oscillator_rsi_48,-0.0243660004423645,-0.0381403275993415,-0.0995075351877997,0.000117015124905,4.560762616124765e-05,-2.1941778065694043e-05,-4.473476003872805e-05,-3.262760653208905e-05,0.0001496427314371,18.58585240420581,-0.4306369021195845,48.100875705850086,-0.0148975309773011,-0.0328694756811871,-0.0547095359591138,0.0002394942883188,0.0001427478302307,9.521892465611942e-05,0.0001227412051715,0.0002432842151003,-3.789926781536346e-06,-0.2662928292588387,-0.9507635751280084,0.6818069189421316
oscillator_rsi_5,-0.0436129139153641,-0.0576809601251145,-0.1956931764557725,0.0001877149135466,7.603894557518172e-05,6.559889567712012e-06,-7.060073767561328e-05,-0.0001322610284077,0.0003199759419544,41.68749929223477,-0.3116231748296446,4413.609588845715,-0.0297225797199352,-0.0417072815728671,-0.1212329531489897,0.0003198517193951,0.000184710539431,0.0001422550558221,0.0001042253648679,0.0001012541589692,0.0002185975604258,16.30852144779669,-0.7131737141896941,254.5077384359267
oscillator_rsi_6,-0.0422793747372392,-0.0563935701762299,-0.1877954364036504,0.0001819493484132,7.120027738374211e-05,7.727471151889815e-06,-7.28081131282073e-05,-0.000121351808972,0.0003033011573853,39.09910024284284,-0.3369405238688586,2833.0903853720542,-0.0294951575100671,-0.0419876496745436,-0.1190026624490768,0.0003199328206671,0.0001888098214685,0.0001312148284587,9.794130562030432e-05,0.0001127449366989,0.0002071878839682,15.253088989042894,-0.7574695507683356,186.8557070866171
oscillator_rsi_672,-0.0046058942651739,-0.0181974643608864,-0.0190965932950956,3.5399638784597264e-05,5.68428784692733e-05,-2.7993818980537465e-05,-3.7807592832724384e-05,3.839129831412347e-05,-2.991659529526194e-06,-0.3770583803984926,-0.625840070312883,0.8462592730717763,0.0013608197270085,-0.0161845725371924,0.0050114549712777,0.0001179734465087,0.0001728071015841,0.0001527463182203,0.0001231495647245,0.0002878094104986,0.0001698359639899,11.666646662122316,-0.7730649080637146,66.93554383487061
oscillator_rsi_72,-0.0201324278582027,-0.033441780798502,-0.0819284506667203,9.555425892228338e-05,3.4293165947630134e-05,-2.222976674020259e-06,-4.658291650650485e-05,-1.6903402170769523e-05,0.000112457661093,14.035036734018885,-0.4340259876986682,17.98053293713492,-0.0119042608352464,-0.0305641120816359,-0.0433889249848431,0.0002201808394265,0.0001359610177013,9.35309880628526e-05,0.0001169569077299,0.0002750743297363,-5.489349030975964e-05,-3.831694336620687,-0.9830434715201584,0.1754168478574677
oscillator_rsi_84,-0.0185245418801741,-0.0315151466944824,-0.0753940723291778,8.791659381303754e-05,2.772090970072967e-05,1.081732519809345e-05,-5.331792232024072e-05,-9.032146896566414e-06,9.694874070960394e-05,12.104966796228346,-0.4577168275656819,11.924473137738314,-0.0108575404090157,-0.0299328655076426,-0.0394931127377002,0.0002156621989625,0.0001327080714993,9.999062453971324e-05,0.0001202873975497,0.0002738729376175,-5.8210738654956136e-05,-4.056045483246701,-0.983711687264263,0.1605022850687432
oscillator_stoch_168_36_36,-0.0006846504384178,-0.0068436559398719,-0.003102469907479,3.183042810647296e-05,-7.798826653088837e-06,-5.7928658987826845e-06,-1.685717063628311e-05,2.499398036541616e-05,6.836447741056781e-06,0.8882300358550602,-0.767369034891412,1.10279869225141,0.0044725377684439,-0.0064407296361749,0.0187979546281328,0.0001434822997503,0.0001525006836617,0.0001324580898161,0.0001995229355157,0.0002449176985288,0.0001014353987785,8.173520936717518,-0.8463714017156799,11.632167439053548
oscillator_stoch_336_60_60,0.0027541511099538,-0.0044848272908913,0.012364217699645,1.1330527938343068e-05,1.813108665149652e-05,9.610295920917956e-06,-2.836353413159316e-05,1.3408139124047507e-05,2.0776111857044617e-06,0.2710694697129799,-0.7310478379788216,0.974002822171408,0.0011883888933691,-0.0090076380568026,0.0050713964220568,0.0001458298270667,0.0001371278512468,0.0001623110156436,0.0001931815045368,0.0002356775468516,8.984771978492918e-05,7.141425012864746,-0.8294363185248048,8.396359589767437
oscillator_stoch_3_2_2,-0.0418655699861942,-0.052033390182698,-0.2039711654138461,0.0001984088043971,6.803265565436225e-05,9.439656331299736e-06,-5.430977609898565e-05,-0.0001510220886946,0.0003494308930918,48.72392647336258,-0.1424354702397659,9722.391861968075,-0.0234973053834921,-0.0293618819937051,-0.103209559214023,0.0003118915543651,0.0002140565542667,0.000143903057206,0.0001191512098603,6.879717585007072e-05,0.000243094378515,19.50160210758268,-0.3327804998393281,503.56314127489713
oscillator_stoch_6_3_2,-0.0341286280913101,-0.0456846507238004,-0.1610182309255818,0.0001612961306244,6.24413789160695e-05,7.701616403443773e-06,-4.218834595974388e-05,-0.0001164327803126,0.000277728910937,37.72212934494056,-0.1862185619133736,1449.411419629731,-0.0209795088774338,-0.0275049173934751,-0.0899979857884591,0.0002881945524042,0.0001896420134588,0.0001556686320146,0.0001403419426051,8.513412547236096e-05,0.0002030604269318,16.247361356782605,-0.4713069071683024,174.13817719939473
oscillator_uo_2_4_6,-0.0507140755408046,-0.0601955360817657,-0.2573108983583785,0.0002288741365573,8.53560132362851e-05,1.297838224361513e-06,-6.0183268077707286e-05,-0.0001831983441951,0.0004120724807524,57.89704675425487,-0.1536744328382837,51072.94544250328,-0.0257754112242668,-0.0327827138843797,-0.1166742838588967,0.0003029628692809,0.0002176635926928,0.0001690260908133,0.0001229478763528,4.9208940292299305e-05,0.0002537539289886,20.867728098444896,-0.3214240035251465,674.5042882032624
oscillator_vcompress_6_36,0.0104706671653951,0.0125575375106379,0.0463405577125405,-3.960945670162255e-06,-1.0484143106551796e-05,-5.396395219337221e-06,4.1281984905210096e-05,4.562007769048407e-05,4.9581023360646335e-05,7.474839249103101,-0.3646808839489427,3.4919529473165545,0.0125541934342976,0.0122890357418824,0.0560996014373341,0.000141849646341,0.0001401982247667,0.0001620049283108,0.0001441380697264,0.0002559582510479,0.0001141086047069,11.193528337300268,-0.5912613198850488,17.711975597119892
oscillator_willr_168,-0.0158431115667388,-0.0292944914936211,-0.070406637950408,8.901860028180172e-05,3.7762053917860135e-05,-3.6939522779559225e-06,-3.5417100275038134e-05,-3.835769145806215e-05,0.0001273762917398,16.298904008610844,-0.3885670135313362,26.263822708103213,-0.0089224710738224,-0.0247174504792792,-0.0361793020506401,0.0002323770726589,0.0001473974192601,9.3170079162241e-05,0.0001401163129564,0.0002424568691373,-1.0079796478407592e-05,-0.7662175568877899,-0.9667703507875534,0.6034492422019108
oscillator_willr_3,-0.0592617952381484,-0.0727785675877864,-0.2916614184327161,0.000278330417959,0.0001041769358072,9.824239168548282e-06,-8.663375337971493e-05,-0.0002355471993772,0.0005138776173362,72.8946861105523,-0.1217000483875912,758393.4433975269,-0.0286350837863974,-0.0360132457619977,-0.1272434213432965,0.0003316580328062,0.0002246803596714,0.0001538035413626,0.0001082948346269,4.042491117172847e-05,0.0002912331216345,24.15322632249629,-0.2624268868416196,1827.4765972931427
oscillator_willr_6,-0.0512340632272336,-0.0657758179322593,-0.2445844016220751,0.0002508956797056,7.572575248260255e-05,3.5455287852145737e-06,-6.361685982110973e-05,-0.0001956374794356,0.0004465331591413,61.90867606079249,-0.1497587500858373,126932.02850583733,-0.0264067989245813,-0.0348846472257432,-0.1145539771723606,0.0003070077979869,0.0002095217458783,0.0001788057936123,0.0001100570974314,5.50220653961049e-05,0.0002519857325908,20.423354278808624,-0.4084112240128992,639.7334342803663
price_vwap,0.0037469957792259,0.0048174381725257,0.0340506602765697,9.319031804434003e-06,-3.569096770943003e-06,3.919864980589939e-06,7.734544968075327e-06,4.886855767688215e-05,3.954952587244817e-05,6.058684524077331,-0.5933411298213174,2.68670239857592,0.006703018989447,0.0050838204531846,0.0449281938183891,0.0002705485162468,0.0001874718941212,0.0001843932408797,0.0001107221383575,0.0001061204903384,-0.0001644280259084,-13.489439694438628,-0.9964336226335492,0.0104285477322342
trend_adx_168,0.0050645290331791,0.0030296137562834,0.0231648000073086,7.983783278276625e-06,6.298065879401928e-06,5.911690615587882e-07,-1.7925087964787525e-05,5.115312313556924e-05,4.316933985729261e-05,5.674031405077179,-0.5579789269650076,2.875500217439772,0.0053436813220604,0.0025661108130465,0.0216907932212091,0.0001704378971193,0.0001905105576764,0.0001173196703435,0.0001210333531782,0.000262238746085,9.180084896564698e-05,6.854112327936438,-0.7388986087672241,8.742431742420578
trend_adx_240,0.0055130283716079,0.0042644851248833,0.0247053691713962,-1.129389237696616e-05,1.907966006285934e-06,-1.2140902761222102e-05,1.5292359468821377e-05,2.951486693280432e-05,4.080875930977048e-05,5.373038118903707,-0.5111416544234806,2.695731074747717,0.0047925590469113,0.0011252126739408,0.0191197843837763,0.0001958471841554,0.0001906021615862,0.0001302831675083,0.0001120914608445,0.0002378887209482,4.204153679276119e-05,3.134081820307064,-0.783038949046061,2.352002463088263
trend_adx_3,0.0059066630852109,0.0060093083541467,0.0303064981350709,5.754991916565082e-06,-5.7932390365548544e-06,-1.4792026998926092e-05,-1.2538720061690208e-07,7.912135723523663e-05,7.336636531867154e-05,10.503656237528888,-0.3641727851250055,6.523236194703685,0.0045626333421863,0.0047701380939818,0.021604174743221,0.0001652513919683,0.0001423569743854,0.0001210192087934,0.000208528600432,0.0002198462600535,5.4594868085145765e-05,4.702065112277995,-0.7614869408733869,3.5201151497548566
momentum_intraday_range_12_48,-0.0149149640575509,-0.0181374491688585,-0.0773061812689183,5.615167655994168e-05,1.858428923018524e-05,3.1076124455753326e-05,6.432397337802013e-06,-3.913195587266436e-05,9.528363243260608e-05,13.801108960245822,-0.3863389670862241,11.65151069343484,-0.0157093386352938,-0.0191691882861819,-0.072145542335501,0.0002613073194514,0.0001579983815486,0.0001793015000556,0.000124742013877,0.0001295456686853,0.0001317616507661,10.93812737188987,-0.6034346086030747,26.71253342583292
trend_adx_360,0.0073068088733726,0.005437656845573,0.0318198633088486,-1.6856446891452532e-06,-2.9746077652976595e-05,2.925738997870144e-06,1.130481059282839e-05,3.4146476561451564e-05,3.583212125059684e-05,4.59221745702152,-0.5553675517395918,2.3459559024511663,0.0025503107868998,0.000182979555041,0.0102335380272083,0.0002082410323836,0.0001826764314423,0.0001460865719331,0.0001362309874312,0.0001998330899009,-8.40794248274159e-06,-0.6297660359876072,-0.8642718542059152,0.6284115373068996
trend_adx_6,0.0043002867834854,0.002861918557656,0.0206667005309352,1.354992916519666e-05,-5.485373198851709e-06,-1.7063380535937263e-05,1.0833218998016368e-05,6.565698276534444e-05,5.2107053600147786e-05,7.292236609552695,-0.3585727566089197,3.702381958853528,0.0080921637795641,0.0069025843366604,0.0361951879699458,0.0001505800821692,0.0001159647463177,0.0001251980721,0.0001920579798841,0.0002684681400065,0.0001178880578373,9.622006921568502,-0.5563141991439725,18.416418659819044
trend_adx_672,0.0055684806098239,0.0018769444646604,0.0233400093046823,1.901184094356773e-05,1.4722408177552023e-06,-1.79423674574704e-05,9.682415986789933e-07,2.364048967301792e-05,4.628648729450201e-06,0.5915179055391746,-0.6513311347269024,1.037076944513028,0.0009665954574184,-0.0004816287319293,0.0040403917090732,0.0002324764323632,0.0001604707307699,0.0001684095492578,0.0001044657272328,0.0001751114007621,-5.736503160107728e-05,-4.5447099644463815,-0.896613583303792,0.1831415427032738
trend_aroon_3,0.0121235101672106,0.0165852381718846,0.0601993692517033,-5.270069089603336e-06,-2.84610377742872e-05,3.100422252065687e-06,1.3969164445667071e-05,8.289152338494986e-05,8.816159247455318e-05,13.292621559164798,-0.1728233352870958,9.716252375062362,0.0096848195517964,0.0127280614434762,0.0445682028523862,0.0001409783547416,0.0001516481427643,0.0001785060803936,0.0001713688070579,0.0002183496927011,7.737133795948015e-05,7.120889553110294,-0.3715189789435242,6.585617315915085
trend_aroon_6,0.0083997402617734,0.012731797815134,0.0410637068315834,8.876554866829259e-06,-1.936218505157355e-05,-5.114539108863012e-06,1.3933105357579818e-05,6.967278008728948e-05,6.079622522046024e-05,8.987335006408035,-0.3916215451751045,4.694434590533905,0.0074061505612514,0.0119930591709639,0.0335207759822829,0.0001824576313041,0.0001428460321475,0.0001701406009523,0.0001616127727888,0.0002005425809885,1.808494968440508e-05,1.621418817616567,-0.7964534212909016,1.357466448538197
trend_dema_240,0.0036512822855085,0.0050274843558785,0.0331612672029281,-1.1406364853786025e-07,-1.4759456932871355e-05,-7.041083353404092e-06,1.3876970292197216e-06,4.062327092894932e-05,4.07373345774872e-05,6.22500556092696,-0.5973720449815813,2.746371515802439,0.0066829750850258,0.0046903126285929,0.0446672468443113,0.0002707534902233,0.0001945108241712,0.0001904032148193,0.0001126693306401,0.0001064516576502,-0.0001643018325731,-13.410003011232453,-0.9959289750167276,0.010879843738309
trend_dema_3,0.0037425754182463,0.0047212194457061,0.03401069994973,1.164080003312215e-05,-5.414859292991208e-07,1.7379355395836404e-06,9.548962229991169e-06,4.571149217685272e-05,3.40706921437306e-05,5.206116725399044,-0.6001614548955257,2.322898663718989,0.0067078396819327,0.0049392340068762,0.0449613333730868,0.000273532557162,0.0001807767647297,0.0001915666150029,0.0001056550970902,0.0001062331132992,-0.0001672994438628,-13.727879241000588,-0.9963470543690224,0.0096687491798447
trend_dema_6,0.0037334232118864,0.0047079266069375,0.0339268043603089,1.2030766701702736e-05,1.161358107508334e-07,2.239750843678405e-06,9.630118865356954e-06,4.643729750434946e-05,3.4406530802646766e-05,5.257659421167303,-0.598124032205864,2.343439860270283,0.0067125515669785,0.0049641684474631,0.0449905765930135,0.0002743670773174,0.0001796385124081,0.0001913012294584,0.0001060636468317,0.0001063713782615,-0.0001679956990559,-13.788835701439034,-0.9964104277931668,0.0094981283868013
trend_dema_720,0.00368606056597,0.0044137300301432,0.0333927702406193,4.132602640215561e-06,-1.7432321415807254e-05,-4.710682523692979e-06,-1.8251481571283392e-06,4.1657497575326405e-05,3.752489493511087e-05,5.739796584244612,-0.5928073836089932,2.482183685028554,0.0070516349749254,0.0050614658261534,0.04685756317248,0.0002744786029178,0.0001896303750023,0.0001791088965021,0.0001104522615084,0.0001044380576732,-0.0001700405452445,-13.79279749146444,-0.9960700411968788,0.0101667578734164
trend_ema_12,0.0036929302980896,0.0047134769287412,0.0335668290785508,1.4569927178336778e-05,1.4395538301098468e-06,2.6128899381507004e-06,1.2907676877027208e-05,4.7819978722836754e-05,3.325005154450001e-05,5.080315195640206,-0.5957248134259795,2.272295437673232,0.0067246734736389,0.0050170089063677,0.0450669960292229,0.000274234317192,0.0001797281069231,0.0001891809937027,0.0001071338690804,0.0001061907177687,-0.0001680435994232,-13.798479346265603,-0.9963535639784123,0.009497807894724
trend_ema_120,0.0036286082565383,0.0049147458293074,0.033006907730155,1.0180679020389074e-05,1.5737512360440654e-06,3.828469893737517e-06,1.2119584771684248e-05,5.042617639949735e-05,4.02454973791083e-05,6.162499158699278,-0.5928073836089947,2.7241971790734305,0.006739217015998,0.0052988008345344,0.0450957071532696,0.0002656852230999,0.0001921675044376,0.0001863275402155,0.0001105416086907,0.0001070340422022,-0.0001586511808977,-12.966268909782125,-0.9959494302362912,0.0123771003965878
trend_ema_24,0.0037477389116921,0.0048267429895945,0.0340714515848606,9.375951247649156e-06,5.122861684061982e-07,9.559368194449863e-07,1.0545758159475928e-05,4.62219950507428e-05,3.684604380309368e-05,5.632829792037064,-0.5949808719465082,2.4984205104616626,0.0067474809947908,0.0051166626852241,0.0452116113167456,0.0002734203861036,0.0001796157544028,0.0001855468901563,0.0001095796705352,0.0001063177753685,-0.000167102610735,-13.718250785850088,-0.9965441876550192,0.0097570338813339
trend_ema_240,0.0036511305173541,0.0050764886198084,0.0331580263247556,1.459212239874306e-06,-1.962284238867212e-05,-4.875231871800065e-06,1.8984515071949267e-06,4.0963427099731e-05,3.9504214859856727e-05,6.054444226181345,-0.5928073836089951,2.659825900995002,0.0066831784863335,0.0047689459298174,0.0446665359909473,0.0002729127060549,0.0001951701755705,0.0001868799743132,0.0001130655445108,0.0001064516576502,-0.0001664610484047,-13.561408929893044,-0.9961521214124996,0.0102723996048213
trend_ema_48,0.0037945818032082,0.0049527788433227,0.034493181616886,4.944497210636281e-06,1.4916494817101785e-07,-1.2232978369897565e-06,8.547108343229355e-06,4.406105309450207e-05,3.911655588386582e-05,5.987682946138667,-0.5950314827232726,2.651220642625032,0.006769653651809,0.0052145460703403,0.0453499552799491,0.0002670673417578,0.0001866946648259,0.0001834557270663,0.0001093584157161,0.0001057784008584,-0.0001612889408994,-13.231919436402844,-0.9962583676589676,0.0114233604903635
trend_ema_6,0.0037335336755768,0.0046969164778998,0.03392768952503,1.3642451199393256e-05,-1.210329455026179e-06,1.404236873842758e-06,1.0167686706886983e-05,4.624697297648123e-05,3.2604521777088e-05,4.981795850659479,-0.5976734089840114,2.2341986673483354,0.00671274903959,0.0049777818805662,0.0449916912125862,0.0002730228684153,0.0001807965273748,0.0001913501040753,0.0001063929959933,0.0001063713782615,-0.0001666514901538,-13.665930324546748,-0.9962691755212036,0.0098386794187188
trend_ema_600,0.0037416850916221,0.0049646303910046,0.0339351791703629,-3.6437635413170843e-07,-1.525827180956934e-05,-1.365242672457204e-05,-1.986014187146879e-06,4.176952454178448e-05,4.213390089591624e-05,6.4566182255406925,-0.592807383608994,2.809231942186845,0.0070156589618768,0.0052640050533026,0.0466879848664372,0.0002657285408713,0.0001908355434799,0.0001748344016565,0.0001071342333999,0.0001020830878672,-0.000163645453004,-13.13470952801797,-0.9962562745942988,0.0116926418003053
trend_ema_72,0.003789766850007,0.0049419479058477,0.0344636430491255,5.08109670278659e-06,-5.219997855544064e-07,-2.4326780454343503e-06,7.875379491163676e-06,4.42951463007951e-05,3.921404959800854e-05,6.004715171139329,-0.5928073836089934,2.6558172788756425,0.0067870788722561,0.0052572906164067,0.0454506120781947,0.0002650907786874,0.0001880026921316,0.0001873602795617,0.0001077700292674,0.000106395527495,-0.0001586952511924,-12.988806195129104,-0.9958903413520211,0.0122716846118719
trend_kama_1200,0.0033189793904251,0.0040040143502931,0.0300671521564821,4.6504838289812e-06,-1.196370245772747e-05,-1.0350744328412698e-06,-1.2048972876893492e-06,4.544225331863992e-05,4.079176948965875e-05,6.252290586649735,-0.5928073836089957,2.6513234970068305,0.0070043281801575,0.0048093663953159,0.0462823420766882,0.0002807174195258,0.0002075701376008,0.0001917054109322,0.0001152000491544,0.0001131502270428,-0.0001675671924829,-13.483385938490766,-0.996019456523884,0.0117502420744387
trend_kama_3,0.0037427159399903,0.0047267740897142,0.034011861883292,1.264781599322805e-05,-9.093856173401222e-07,5.931976921746582e-07,9.431684622665937e-06,4.613065196667512e-05,3.348283597344709e-05,5.116057029904357,-0.5972847566901632,2.286996379492217,0.0067080144105238,0.0049557506497143,0.0449623024514298,0.0002743198758885,0.0001792915183598,0.0001911116324233,0.0001066955332095,0.0001062331132992,-0.0001680867625893,-13.788210177529889,-0.9962499787384432,0.0094679402761222
trend_kama_360,0.0038044044300604,0.0049998703411756,0.0345081436202176,6.04653038080586e-07,-1.60774880387053e-05,-9.517655381956942e-06,-1.679530719949015e-06,4.214543165276725e-05,4.1540778614686674e-05,6.369460577467295,-0.5928073836089961,2.792835555106368,0.0067284999464062,0.0048214910956846,0.0449171454050668,0.0002737216432014,0.0001932730412129,0.0001859798358458,0.0001165286283347,0.0001074134038196,-0.0001663082393818,-13.553499655259362,-0.9962696004039888,0.0105330368579866
trend_kama_6,0.0037335437867489,0.004715058952859,0.0339277159557703,1.3073490513923257e-05,-1.2114425128356327e-06,1.877132911115967e-06,9.842588954466192e-06,4.668758408828864e-05,3.3614093574365406e-05,5.139722197334391,-0.598890153746889,2.294938276327802,0.0067129352363091,0.004971420201077,0.0449928656175454,0.0002742678176552,0.0001796980088063,0.0001910637710227,0.0001063550484831,0.0001063713782615,-0.0001678964393937,-13.762857738016631,-0.9963938952171036,0.0095180279483238
trend_kama_720,0.0036852862495622,0.0044136717841447,0.0333858584489338,3.608289014895039e-06,-1.585027625690344e-05,-5.8769848810534684e-06,-1.2418661782943853e-06,4.1307664517816807e-05,3.769937550292178e-05,5.7695746405943655,-0.5928073836089954,2.493523183374522,0.0070509208154803,0.0050030990627973,0.0468533167387486,0.0002688886122991,0.0001967461028636,0.0001788150728935,0.0001100189179629,0.0001044380576732,-0.0001644505546258,-13.344593812032244,-0.996017711595838,0.0117442718651964
trend_linreg_3,0.0037425539992616,0.0047190811216047,0.03401050188987,1.1698714383853824e-05,-7.482198624769719e-07,1.937211905336455e-06,9.492886295621172e-06,4.570916964019171e-05,3.401045525633792e-05,5.198650846324066,-0.5999398542736041,2.319287722542444,0.006707824290045,0.0049416294563275,0.0449612381705761,0.0002738822728839,0.0001806699073843,0.0001908582352881,0.0001060706590397,0.0001062331132992,-0.0001676491595847,-13.75321522116131,-0.9963211147814116,0.0095786115004641
trend_linreg_6,0.0037333555998418,0.0047039624720633,0.0339262082084451,1.2022746980426017e-05,3.697427903449125e-07,1.922127905997112e-06,9.75690317275849e-06,4.639039491997611e-05,3.436764793955012e-05,5.252133464693023,-0.6007999575613764,2.341049506038839,0.0067125311830457,0.0049638738888805,0.0449904562759802,0.0002741068953603,0.0001800492513911,0.0001919772432941,0.0001052742448211,0.0001063713782615,-0.0001677355170988,-13.769396848580309,-0.9963917881608648,0.0095643747126824
trend_macd_3_6_2,-0.0007931133579823,-0.0248158240985463,-0.006856851597671,8.549062587768915e-05,6.931205716092857e-05,-9.039900297916629e-06,-4.143759089580101e-05,-3.3015052063133584e-05,0.0001185056779408,16.72384339667372,-0.4343660619353698,21.51012448445926,0.0019980682935506,-0.0154081947477361,0.0132397411972376,0.0002107830866651,0.0002355357913747,0.0002506134141376,0.0001305060870067,4.775995307056678e-05,-0.0001630231335946,-14.3382899220815,-0.991363761134012,0.0111302983265711
trend_macd_4_8_3,-0.0011294879859043,-0.0215328507489328,-0.0097671495618992,6.945489483594468e-05,5.7527745391990095e-05,-6.269204304621463e-06,-2.955847507477512e-05,-1.7321358399586192e-05,8.67762532355309e-05,12.177442187814638,-0.4182577990095095,9.274656783381268,0.0033768878967971,-0.0136319536894293,0.0224056823319899,0.0002130384424788,0.0002233015916407,0.0002361791652487,0.0001493204237186,5.253734551278343e-05,-0.000160501096966,-14.110239392129028,-0.9904627666578236,0.0119009281072055
trend_sma_12,0.0036930270234136,0.0047233343424085,0.033567689057658,1.4389291828753764e-05,1.3933482440279287e-06,2.891412244480496e-06,1.2739706712326385e-05,4.794431083631611e-05,3.355501900756237e-05,5.122353923602104,-0.5962305649302578,2.2904749039680983,0.0067247124835208,0.0050373468572974,0.0450672320666323,0.0002743221466873,0.0001792249539388,0.0001900757372516,0.0001066419019498,0.0001061907177687,-0.0001681314289185,-13.80205392368343,-0.996396711352318,0.0094747300425802
trend_sma_120,0.0036286494541499,0.0049327224756472,0.0330072787728546,1.0661006578237013e-05,-2.2878945742962173e-06,7.441110681737489e-06,1.226100428184746e-05,5.0039986164804365e-05,3.937897958656737e-05,6.025944045079109,-0.592807383608994,2.662452309741566,0.0067390384719711,0.0053141175436286,0.0450942311927177,0.0002675581066059,0.0001896136067369,0.0001860656895222,0.0001112169187921,0.0001070340422022,-0.0001605240644037,-13.114626806820947,-0.995995185006523,0.0117787905605734
trend_sma_24,0.0037476026424389,0.0048321633960017,0.0340702028329694,8.79510719731105e-06,4.32140259485796e-07,1.406112424614343e-06,1.0425093899966966e-05,4.6584644343933407e-05,3.77895371466224e-05,5.775143363803847,-0.5940664263951617,2.561490856507559,0.0067476420255718,0.0051099185583495,0.045212640335631,0.0002745847265152,0.0001776690541287,0.0001870905795015,0.0001086520067079,0.0001063177753685,-0.0001682669511466,-13.798805722720632,-0.9966480274535476,0.0094565947172067
trend_sma_240,0.003651140657273,0.005076008111639,0.0331580078204251,2.15991150595146e-06,-1.9723141052586343e-05,-5.042154964620447e-06,1.1240211286263795e-06,4.11741734520441e-05,3.901426194609266e-05,5.960574737660148,-0.5928073836089939,2.624859483845017,0.0066832468055259,0.0047897298388294,0.0446666340869224,0.0002729343629397,0.0001946309234786,0.0001880354760735,0.0001124245441168,0.0001064516576502,-0.0001664827052895,-13.556183058555348,-0.9961755730700154,0.0102643806839651
trend_sma_48,0.0037946927795012,0.0049649897132813,0.0344941212147905,4.4856649313058696e-06,-7.838339817514832e-07,-5.382153060995628e-07,9.152736354867092e-06,4.420688771280274e-05,3.9721222781496906e-05,6.08390213174663,-0.5953101841649701,2.694142613842157,0.0067697984529204,0.0052184250755192,0.0453508212586648,0.0002670634542581,0.0001856209746597,0.0001837941955344,0.000110098080271,0.0001057784008584,-0.0001612850533996,-13.227104238040344,-0.996175303277372,0.0114229694244892
trend_sma_6,0.0037335874209644,0.0047013261090653,0.0339281692096347,1.3505641597878836e-05,-1.4090067769838089e-06,1.6646409888785855e-06,1.0006636578267238e-05,4.647069049659451e-05,3.2965048898715704e-05,5.037996155597639,-0.5974836125965034,2.255694074683746,0.0067127757103304,0.0049769135661377,0.0449918560078581,0.0002729028434509,0.0001804553445761,0.0001918060809529,0.0001064153733023,0.0001063713782615,-0.0001665314651894,-13.672487325604868,-0.9963331867874532,0.0098750422332286
trend_sma_600,0.0037417266150374,0.0049514797703277,0.0339351926612148,4.317833042079345e-06,-2.6108315038370067e-05,-8.31988030017964e-06,-2.734176948636216e-06,4.256976726573384e-05,3.825193422365455e-05,5.8490954763992224,-0.5928073836089942,2.539978725914442,0.0070162113298929,0.0052197981056212,0.0466913308962407,0.0002741939226625,0.0001820763972692,0.0001715234860716,0.0001095295731484,0.0001020830878672,-0.0001721108347952,-13.829519636720285,-0.9965321373819692,0.0093952857248277
trend_sma_72,0.0037899255497453,0.0049764158178387,0.0344649895650222,5.076197081965087e-06,-4.3978680996288765e-06,1.2391286413707533e-06,8.874749076239258e-06,4.360415145853614e-05,3.852795437657108e-05,5.897905801488782,-0.5932391336353813,2.6080211115387444,0.0067871441370466,0.0052949685177967,0.0454508606938442,0.0002646632737481,0.0001891134405637,0.0001849574954332,0.0001095506420374,0.000106395527495,-0.0001582677462531,-12.94954230324503,-0.9960063906398666,0.0124094066926281
trend_tema_240,0.0036509998008708,0.0050504007517507,0.0331589501191893,3.421814888262156e-07,-1.2764962867418393e-05,-8.847744424819395e-06,6.149558877138622e-07,4.0678820420619935e-05,4.033663893179376e-05,6.154718501050683,-0.6016051869612671,2.7171617942122284,0.0066829505087657,0.0046393068106898,0.0446675631850468,0.0002738216363457,0.0001915898572846,0.0001883631764039,0.0001141238832307,0.0001064516576502,-0.0001673699786955,-13.688001875529064,-0.9962108899505532,0.0100461224427757
trend_tema_3,0.0037425448178142,0.0047213052085625,0.034010421971018,1.1561736405700143e-05,-6.710851253854489e-07,1.8437363716864848e-06,9.63649281594166e-06,4.573479011005358e-05,3.4173053704353464e-05,5.221532191046296,-0.5999232020013008,2.329193229519743,0.00670782412145,0.0049418078293396,0.0449612341263655,0.0002735683539101,0.0001808750672409,0.0001915415567631,0.0001055409422496,0.0001062331132992,-0.0001673352406108,-13.7288335421876,-0.9963065600775054,0.0096590043344124
trend_tema_6,0.0037333321531679,0.0047082949685887,0.0339259915588684,1.1957042289103792e-05,2.759376217572762e-07,2.030069949161912e-06,9.815208127363835e-06,4.639271301076362e-05,3.443567072165987e-05,5.262275157550693,-0.6004748325146879,2.3452573796919034,0.0067125170994384,0.0049521062986465,0.0449903650721782,0.0002740446471718,0.0001800780740662,0.0001916388372757,0.0001056549689512,0.0001063713782615,-0.0001676732689103,-13.76311833542288,-0.9963845257875856,0.00957982256531
trend_tema_720,0.0036867003660407,0.0044103055508006,0.0333991264221611,2.9684531899654435e-06,-1.9427003972331377e-05,-1.6725043730080823e-06,-6.675808055149246e-07,4.0895716948024136e-05,3.792726375805873e-05,5.800462402169715,-0.5928073836089948,2.508012141494492,0.0070515035994786,0.0050212400859984,0.0468579979517124,0.0002698119527526,0.0001950659625214,0.0001786281197307,0.0001108307652352,0.0001044380576732,-0.0001653738950794,-13.418653290459517,-0.9959545110508746,0.0114678097586594
trend_trix_360,0.0067066204032734,-0.0023799852855126,0.0238918268114837,-2.911443261665703e-05,2.7123589541511835e-05,-1.6454221086181574e-05,1.9329931533268857e-06,3.666652206954383e-05,6.578095468620087e-05,7.082213069399698,-0.5713154826439106,4.954289197460279,0.0045874974939808,-0.0047925269328265,0.0154743433450692,0.0001359088908943,0.0001873246081614,0.0001661097584407,0.0001538583442665,0.0002345393903439,9.863049944962589e-05,6.424198486975554,-0.7591096816271448,9.5230103534247
trend_trix_720,0.0036078047880134,-0.0070692012817208,0.0123130306789791,1.1330071308772052e-05,1.2033224432691046e-05,3.174092388422813e-05,-6.238853842799941e-05,2.980778055777051e-05,1.847770924899844e-05,1.9393970759455783,-0.6674766182450667,1.423582899239502,0.0057134313079929,-0.0024090532978858,0.0196298064366916,0.0001170768061466,0.0001941212611108,0.0001157619009192,0.0001838552130081,0.0002487922505082,0.0001317154443616,8.647531255685822,-0.7754008231512795,21.75744012589675
trend_vortex_3,-0.0173594312638868,-0.0239847459180046,-0.0842287834763065,8.909855809394762e-05,1.7204005015685844e-05,1.617213459623013e-05,-1.2612020256176548e-05,-3.9613227926858256e-05,0.0001287117860208,17.826104428698073,-0.2460289087164173,28.11733424101645,-0.015966517598035,-0.0206629989999141,-0.0699259013744953,0.0002668079872506,0.0001845327638605,0.0001438905944081,0.0001501649091138,0.0001125879776714,0.0001542200095791,12.332275670816877,-0.4710165589373007,47.78285342489373
trend_vortex_6,-0.0132723864408835,-0.0209227494406868,-0.0623909809837658,5.4585221418444296e-05,1.98457863509183e-05,9.70596242108118e-06,-4.47093218099057e-06,-7.207267433958057e-06,6.179248885240233e-05,8.247512403351353,-0.4588288798134467,4.750626550496035,-0.0149463477293907,-0.0213346192013037,-0.0629363024774164,0.0002497302988926,0.0001605665842061,0.0001440078450485,0.0001436102431851,0.0001563828051678,9.33474937247776e-05,7.191938131250362,-0.7257826854252555,9.368353630041929
trend_wma_1200,0.0033179483419462,0.0040287398228965,0.0300539860374454,6.058074115013313e-06,-1.4468543993466397e-06,-1.337927726903525e-05,-2.3316907348319783e-06,4.661954272944409e-05,4.05614686144308e-05,6.197653582710387,-0.5928073836089944,2.634991172375811,0.0070046638891265,0.0049256426302864,0.0462798392315979,0.0002851018743709,0.0002032669177588,0.0001919386936733,0.0001142591807181,0.0001131502270428,-0.000171951647328,-13.590966007961145,-0.9961292888197056,0.0104385511057416
trend_wma_240,0.0036511596258805,0.0050703525781246,0.0331588830504907,2.9433183796001985e-07,-1.6415058854304437e-05,-6.5396385764120775e-06,1.333838060175081e-06,4.127188954175144e-05,4.097755770379144e-05,6.275835892230711,-0.5928073836089945,2.764483280739595,0.0066830166570787,0.0047385756988015,0.0446660154837073,0.0002727523201356,0.0001955364909673,0.00018620207712,0.0001135604245006,0.0001064516576502,-0.0001663006624854,-13.562875889816391,-0.996107966313324,0.0103203496222673
trend_wma_600,0.0037420867333048,0.0049365630272978,0.0339399392467454,6.162129237374505e-07,-2.2085091128409824e-05,-8.114824920596501e-06,2.848745182469322e-07,3.992997297220256e-05,3.931376004846514e-05,6.031974236424496,-0.5928073836089964,2.611808302179556,0.0070158001734347,0.0052399732350393,0.0466901011504595,0.0002675871040187,0.0001889644631435,0.0001737213583749,0.0001079942848495,0.0001020830878672,-0.0001655040161514,-13.336323209731626,-0.996186850303084,0.0111615696265337
volatility_atr_1,0.0036498089477058,0.0018931440729996,0.0328271099009005,-1.7835392935553416e-06,1.7965778787827916e-05,-1.7532137508442683e-06,2.247969508727748e-05,3.319005019664994e-05,3.49735894902053e-05,5.433464206223074,-0.5821635888852081,2.383931023352349,0.0068374314791727,0.0014819919823013,0.0451160945733996,0.0002308887061114,0.0002486035876808,0.000193650462652,9.957048630830264e-05,9.394769510151602e-05,-0.0001369410110099,-12.662722343147522,-0.9914407319568111,0.0225778341254286
volatility_atr_12,0.003709393333093,0.0020318444205517,0.0335887041285707,-9.897940754236076e-07,2.478851521024703e-05,7.853480785828798e-07,1.6722517790270997e-05,4.121047209701063e-05,4.220026617243428e-05,6.531400235025339,-0.5820171225049264,2.8843512187184333,0.0067783332166107,0.0023124591747405,0.0449400506452382,0.0002250077995823,0.0002493602237433,0.0001895446259903,9.608614357774e-05,0.000103837714724,-0.0001211700848583,-11.144126987219106,-0.9902891767329286,0.0342747248810463
volatility_atr_1200,0.0033576298889066,0.0020945653904319,0.0303520191963149,-3.4970123356918587e-06,-2.1610621756893235e-06,2.609678442268414e-06,-3.839560693125644e-06,4.412861095056536e-05,4.762562328625723e-05,7.355246924276961,-0.5649096422706453,3.154222011528029,0.006979108385195,0.0036766639864628,0.0457220126403822,0.0002637321300164,0.0002188167742604,0.0001992847635715,0.0001157858192949,0.0001131502270428,-0.0001505819029735,-12.552671582221796,-0.9947924976653846,0.0183123430405354
volatility_atr_168,0.0036915714000558,0.0027257513635106,0.0334629215621399,5.5917459303271744e-08,-3.058750592941136e-07,3.712150510108718e-06,5.756546872992403e-06,4.140714802536304e-05,4.135123056605977e-05,6.370507219888335,-0.5707568075899938,2.801551758712198,0.0067102366019282,0.0032858849662461,0.0444618503328219,0.000242601770421,0.0002351806275482,0.0001870164601689,0.0001064047725154,0.0001028038786282,-0.0001397978917928,-12.348042000029931,-0.9950726369112348,0.0211156975690445
volatility_atr_2,0.0037515597143458,0.0018540376538136,0.0339142159087381,-2.304238448062965e-06,2.6495019498908896e-05,-5.283196194753781e-06,1.4509526551876792e-05,3.7043108103740814e-05,3.9347346551803775e-05,6.109271609928961,-0.5783201338311907,2.676474379685884,0.0067840154682397,0.0017757792137066,0.0449264960896254,0.0002222684425307,0.000249939243989,0.0001951766668144,9.9446791556825e-05,9.962517975608054e-05,-0.0001226432627746,-11.351877503505335,-0.9893027530148564,0.0329906078272779
volatility_atr_24,0.0037730263568043,0.0021525069106211,0.0341766746914029,-1.1783041691046412e-06,8.76855821714822e-06,1.2103661978872837e-05,1.1021144106751372e-05,3.938179020648192e-05,4.0560094375586574e-05,6.265752468808439,-0.57054600011485,2.759893034443408,0.0067823262207282,0.0025630401083487,0.0449717532416482,0.0002292548140067,0.0002405678861378,0.00019668553522,9.023213110377504e-05,0.000104333014769,-0.0001249217992376,-11.447847367936172,-0.9909160891034472,0.0310449575497297
volatility_atr_3,0.0037620362583146,0.0018648134430337,0.034031524945247,-2.8056780693707265e-06,2.966450262493973e-05,-6.5832063961659344e-06,1.277859074732615e-05,3.818280453549936e-05,4.09884826048701e-05,6.355702911330041,-0.581478994915436,2.7948542804738894,0.006779134640871,0.0018492157488628,0.0449189814595903,0.0002218732618171,0.0002470328828988,0.0002004850088351,9.48179398145516e-05,0.0001015972232592,-0.0001202760385578,-11.136765433050885,-0.989302447776188,0.035134372809626
volatility_atr_336,0.0038059280610781,0.0028119913648742,0.0344447371067946,-2.9271898367014463e-06,-9.86471999528885e-06,-4.303167036937548e-06,2.6132184734928963e-06,3.567559238791453e-05,3.8602782224616e-05,5.941010708069405,-0.5649096422706451,2.589841213614008,0.006657588956881,0.0031224534365769,0.0440645034280194,0.0002436365417537,0.0002291241771111,0.0002005766476794,0.0001063465800755,0.0001045117324188,-0.0001391248093349,-12.045467045583653,-0.9942576122724542,0.0218688570658002
volatility_atr_4,0.0037598708360348,0.0018751290908021,0.0340212609087336,-2.9889726745667937e-06,3.235888598229236e-05,-7.779634190220788e-06,1.1823332959288989e-05,3.879064562048765e-05,4.1779618295054445e-05,6.475286780157791,-0.5842606581337424,2.853766340426749,0.0067784480978029,0.0019279658437083,0.0449247280028362,0.0002208439427163,0.0002467807318224,0.0002026140062616,9.310462326326655e-05,0.0001026298149865,-0.0001182141277298,-10.949968742645186,-0.9889266161797728,0.037116090854588
volatility_atr_48,0.0038310012819309,0.0024020072369765,0.0347038974676893,-2.8283957205339245e-07,-2.487428623169096e-07,1.499252455260273e-05,5.124706938261808e-06,3.8442315849821865e-05,3.872515542187527e-05,5.981397425046838,-0.5753750909181214,2.6267144561314435,0.006778930508419,0.0028090022321742,0.0449575431317333,0.0002323696846268,0.0002470918762307,0.0001819756206468,9.081637027102207e-05,0.0001051478808918,-0.000127221803735,-11.588472169690164,-0.9921935440688542,0.0292457419875803
volatility_atr_5,0.0037549848112457,0.0018834646543485,0.0339822264089298,-2.085899755530773e-06,3.013704382406926e-05,-6.358196855217782e-06,1.2461207166268305e-05,3.8767739615043625e-05,4.085363937057442e-05,6.330643631119812,-0.5871634943131054,2.7844623661068684,0.0067790935179771,0.0020112165397197,0.0449346108968568,0.0002217819463137,0.0002501920363119,0.0001983088444771,9.16822980320824e-05,0.0001035850060733,-0.0001181969402403,-10.918702787323916,-0.9891226340986176,0.0371040375196758
volatility_atr_6,0.0037522636326323,0.0019192150044482,0.0339603883667751,-3.195023475830176e-06,2.940953376280281e-05,-4.521531605668805e-06,1.314969201358712e-05,3.886786011231428e-05,4.206288358814447e-05,6.510530718338333,-0.5862416320043977,2.8745852073173777,0.0067795746728739,0.0020550472609754,0.0449411996546528,0.0002212382468654,0.0002525941331027,0.0001988762256635,9.070199053533364e-05,0.0001024773681856,-0.0001187608786798,-10.959573857563845,-0.9886848208578576,0.0365461413321795
volatility_atr_672,0.0037029138986389,0.0024591780946445,0.03349398457516,-9.777753270047233e-08,-4.601559270449028e-07,-1.0396134109933543e-05,-1.0306531726761966e-07,3.877539467334471e-05,3.887317220604521e-05,5.975718226888095,-0.5649096422706438,2.575954787681003,0.0070481827375685,0.0035411457584982,0.0464617090749132,0.000243638506738,0.0002123456613164,0.0001857123226504,0.0001061714481031,0.000101926329679,-0.000141712177059,-12.04429997194386,-0.9945721766151564,0.0213384292742421
volatility_atr_72,0.003832974927375,0.0025271817866992,0.0347409751806184,1.128220355141664e-06,-2.1912670163373985e-06,1.3051552628262327e-05,2.436936177551992e-06,4.091856753530075e-05,3.9790347180159096e-05,6.131809642462486,-0.5830799559519279,2.698586510860104,0.006786711124257,0.0029083677690072,0.0450050468657195,0.0002464530136903,0.0002356494392662,0.0001816729404389,9.259419266807368e-05,0.0001015976675062,-0.0001448553461841,-13.039523127881534,-0.995115805556422,0.0183373282897017
volatility_bbands_240_2,0.003649873449425,0.0051393293087762,0.0331486518888781,6.545069425464855e-06,-2.7611438073369904e-05,-2.827168957311422e-06,-1.1332179176357502e-06,4.372824683480027e-05,3.718317740933543e-05,5.614929422852636,-0.5934998907507404,2.4981777285881392,0.0066839132901905,0.0049328952544151,0.0446773929677052,0.0002690313455134,0.0001981488189315,0.0001826999210176,0.0001188869073654,0.0001062905593866,-0.0001627407861267,-13.096620259712996,-0.9963298706539312,0.0112680379059014
volatility_bbands_24_2,0.0037478621431611,0.0048371399578946,0.0340726692665489,1.4711695313949104e-05,-6.266937254949001e-06,1.75799530328299e-06,9.36602029282003e-06,4.714854093984429e-05,3.24368456258952e-05,4.949028640393306,-0.5973482507027597,2.222706000631729,0.0067472892431519,0.0051302131573875,0.0452122225872723,0.0002716112088151,0.0001791862610833,0.0001877802691334,0.0001098434160643,0.0001063177753685,-0.0001652934334466,-13.47268913977286,-0.9960296202343952,0.0102051486816258
volatility_bbands_3_2,0.0037427975513588,0.0047415690696169,0.0340126864064568,1.1994408371980306e-05,-1.423668973843528e-06,1.9649828625096022e-06,9.159081040681044e-06,4.627227363505709e-05,3.42778652630768e-05,5.233276260930707,-0.59801242113366,2.335439826680312,0.0067080047355972,0.004961677142299,0.0449629773720775,0.0002738894801883,0.0001804462745085,0.0001909470131437,0.0001061972771405,0.0001062331132992,-0.0001676563668891,-13.738785689297917,-0.9962666319899276,0.0095724384872344
volatility_bbands_48_2,0.0037945239835945,0.0049753554234032,0.034492910360402,1.428015973979569e-05,-1.7735657204099852e-05,4.614379950895172e-06,8.66222199683082e-06,4.516591743727908e-05,3.0885757697483416e-05,4.70989650530592,-0.5996487829885228,2.131710043747902,0.0067697247245625,0.0052521016034081,0.0453532077890404,0.0002666346523361,0.0001850826720053,0.0001835961224996,0.0001113245152997,0.0001057784008584,-0.0001608562514776,-13.093693814417676,-0.9954946570300522,0.0115174620245183
volatility_bbands_6_1_5,0.0037336819300071,0.0047269119598438,0.0339290955419905,1.379068030490946e-05,-2.293091590285704e-06,1.864438477657174e-06,1.0254405658048363e-05,4.656760525371328e-05,3.277692494880385e-05,4.997799642304944,-0.5979068249103178,2.2438672802411848,0.0067127975699518,0.0049913337513967,0.0449927249177847,0.0002755618148141,0.0001787586109627,0.0001906715612101,0.0001062078022434,0.0001063713782615,-0.0001691904365526,-13.860441942017678,-0.9963989583617718,0.009194938664499
volatility_bbands_6_2,0.0037337133618767,0.0047331905024693,0.0339294041809615,1.3776818822847532e-05,-2.371603192516208e-06,1.9262112695243752e-06,1.0102193372712624e-05,4.672929894451185e-05,3.295248012166435e-05,5.023085516291566,-0.5976015979601624,2.254244573716372,0.0067128048471902,0.0049898889986614,0.0449930152569566,0.0002760098737527,0.000178436078172,0.0001909733298536,0.0001057164990322,0.0001063713782615,-0.0001696384954911,-13.893249285989397,-0.9964408158810248,0.0090853927468443
volatility_bbands_96_2,0.0037078822097246,0.0049966221045754,0.0337276480118422,1.6630003065839268e-05,-1.303218789471412e-05,9.85993478991839e-06,1.0496313454941273e-05,5.041908575784617e-05,3.378908269200691e-05,5.126021896871869,-0.5956175572702999,2.296903073703599,0.006746363770743,0.0053450615841835,0.0451670241774396,0.0002693891613567,0.0001845100668269,0.0001854648340263,0.0001125937116147,0.0001066620842843,-0.0001627270770723,-13.245059870659714,-0.9961095989232234,0.0110511703417464
volatility_chop_3,-0.000633623862261,-0.0009168909893606,-0.0033266831753579,3.917032881267929e-05,1.6998305834403794e-05,5.257544834794541e-06,-3.618113959149903e-06,1.126856646766109e-05,2.79017623450182e-05,4.035332655143553,-0.304176319871569,1.9591751045904704,0.0037233371720027,0.0023339022213519,0.0181864625242124,0.0001520925233033,0.0001726419860082,0.0001671325441152,0.000160914190551,0.0002078191837878,5.572666048452243e-05,4.928337097778805,-0.4656728236538298,3.6627922913517614
volatility_chop_6,0.0017571202902343,-0.0002821303153476,0.0088905407330606,3.373317393062527e-05,4.368700269108726e-07,6.672922766157555e-06,9.761365826431602e-06,2.046038131317728e-05,-1.3272792617447991e-05,-1.860988111592793,-0.5395052534809062,0.6554854064695985,0.0022604347085166,0.0002733280648168,0.0107199977176796,0.0001564813753463,0.0001774644297254,0.0001622049079504,0.0001581528277928,0.0002060406505584,4.955927521204845e-05,4.297474748504183,-0.7429754845207378,3.087915656004379
volatility_kc_240_1_5,0.0036510447263117,0.0050850005545615,0.033157424261789,1.521849762584318e-06,-1.907398757880972e-05,-5.518228624661188e-06,1.986099843591928e-06,4.090647148279748e-05,3.938462172021318e-05,6.028957796830524,-0.592807383608995,2.6511192353069006,0.0066832823543421,0.0047832154858968,0.0446684418799584,0.0002704110815672,0.0001966149038958,0.0001873441265977,0.0001140156633155,0.0001064516576502,-0.000163959423917,-13.340328231636647,-0.996035159303921,0.0109638999904732
volatility_kc_240_2_0,0.0036510159228333,0.0050896103529895,0.0331572220789313,1.7828635320281428e-06,-1.977728060708657e-05,-5.087784043441911e-06,1.814156179693814e-06,4.1034650810439896e-05,3.9251787278411775e-05,5.997260704759578,-0.5928073836089955,2.641299659849202,0.006683317157958,0.0047894994007169,0.0446690802250065,0.0002712448748751,0.000195040193111,0.0001885339581699,0.0001134476358905,0.0001064516576502,-0.0001647932172249,-13.404903603027767,-0.9960438613002304,0.0107254085114574
volatility_kc_3_1_5,0.0037427939854662,0.0047434802127414,0.0340128282999964,1.2161846496722589e-05,-9.058646209829288e-07,8.406798158960951e-07,9.23099278056462e-06,4.6572599094950455e-05,3.441075259822788e-05,5.242115134512201,-0.5960485124706226,2.343065779965398,0.0067079901066578,0.0049698945568996,0.0449635777753664,0.0002748398778682,0.0001797546771041,0.000190618646362,0.0001061310725497,0.0001062331132992,-0.000168606764569,-13.808412978064178,-0.9962556645433258,0.0093321071665895
volatility_kc_480_1_5,0.0037844952095037,0.0052403709057471,0.0343220171596814,9.679752433752671e-07,-2.295835732087716e-05,-8.263373508434267e-06,-6.814784441705831e-08,4.342555665094753e-05,4.245758140757229e-05,6.5039918308064015,-0.5928073836089947,2.846466884111082,0.0069280051464134,0.005049458464284,0.0461874133949025,0.0002749957345708,0.0001872659234175,0.0001774138307335,0.0001078488285563,0.0001051855257591,-0.0001698102088117,-13.675446587911352,-0.9963862651918116,0.0097706332379152
volatility_kc_480_2_0,0.0037844628233296,0.0052505713488176,0.0343217751043013,1.2694566050495928e-06,-2.362824777299261e-05,-7.992014430968894e-06,2.8830751495934844e-08,4.338793397066816e-05,4.211847736561859e-05,6.444111483125161,-0.5928073836089948,2.821065396796446,0.006928041166199,0.0050584988669262,0.0461880658039483,0.0002730030699459,0.0001891926510472,0.0001775803541552,0.0001080329085048,0.0001051855257591,-0.0001678175441867,-13.51088681379236,-0.9963795690254384,0.0102891969438639
volatility_kc_6_1_5,0.0037336383111414,0.0047285410478581,0.0339288391790344,1.3359015157298504e-05,-8.224543775439972e-07,6.72810610095142e-07,1.0348118205420027e-05,4.667313874534184e-05,3.3314123588043384e-05,5.080761289534015,-0.5962620563045896,2.2760769823263867,0.0067127609541381,0.0049965991772665,0.0449930968148052,0.0002761311231279,0.0001785056762049,0.0001907198023656,0.0001057618577728,0.0001063713782615,-0.0001697597448664,-13.904229846779394,-0.9963966725017236,0.0090565562544361
volatility_kc_6_2_0,0.0037336726996518,0.0047414136248197,0.0339292191326926,1.3153067524897546e-05,-5.711420476681177e-07,4.103449407662862e-07,1.04727172153905e-05,4.677982141603994e-05,3.3626753891142425e-05,5.119011058375539,-0.5960059075905705,2.2944974994087315,0.0067127651201726,0.0049992218910209,0.0449935691358064,0.0002764555784197,0.0001780740301655,0.0001909083120734,0.0001056341880566,0.0001063713782615,-0.0001700842001582,-13.920316549161845,-0.9963807065560571,0.008976238775715
volume_cmf_240,-0.0027732336890992,-0.0048601025274983,-0.0152053006428059,2.9224855948869464e-06,1.778882738942123e-05,1.7350772027802447e-05,1.1553262717831764e-05,-2.113077053257276e-05,2.405325612745968e-05,3.534394672683603,-0.5710644176251793,1.7638576177781318,0.0036260778765809,-0.0004532623693658,0.0175294666264714,0.0001401305813662,0.0001359758626157,0.0001116710455378,0.0002365127148594,0.0002488203447977,0.0001086897634314,9.178033814402154,-0.7266338241887935,14.295272195474285
volume_cmf_3,-0.0373284832291822,-0.0448484171679154,-0.2014660757466755,0.0001738970806376,6.884255460946299e-05,-3.296395437314279e-06,-3.03606181134824e-05,-0.0001379299014937,0.0003118269821314,46.19721198174084,-0.1438396305397348,3622.711623403464,-0.0198141513449462,-0.0249187180418423,-0.0961544593466524,0.0002800243910897,0.0002256111267511,0.0001589606482619,0.0001345693493019,6.374146281600104e-05,0.0002162829282737,18.74735921257385,-0.278369409432134,255.43675977613304
volume_cmf_480,-0.0009744685961052,-0.0028593847236441,-0.005331005434003,1.152219077381059e-05,-1.995073720179859e-05,2.837536419953451e-05,1.1947434157116954e-05,-1.233285622949645e-05,2.385504700330703e-05,3.543614000320609,-0.460307553448446,1.7481128113696331,0.0012603589339151,-0.0007886417611502,0.0060767207757685,0.0001713850329526,9.596407106047888e-05,0.0002168086016382,0.0001965874825734,0.0001765686013832,5.183568430617113e-06,0.4472945443886819,-0.752279741830398,0.952580450002307
volume_cmf_6,-0.0246209751065568,-0.0306447534545603,-0.1330232234469136,0.0001143386299941,2.7412407878380445e-05,1.775521543367696e-05,-1.4442459244929074e-05,-7.226732951700048e-05,0.0001866059595111,27.761804863133573,-0.2768722187711255,131.4867886611353,-0.0160866747938707,-0.020507680315753,-0.077895353650741,0.0002656148563207,0.0001987920025294,0.0001439807581636,0.0001309466066043,0.0001179971179839,0.0001476177383368,12.663069538636814,-0.4042289755810923,41.27009254759397
volume_cmf_960,-0.0020060411364419,-0.0037711593675356,-0.010947946393124,1.790175955311769e-05,1.6455727294290152e-05,-1.2711891290619093e-05,3.206095245349725e-05,-2.370070049526643e-05,4.160246004838413e-05,6.065757175518275,-0.3846809306651974,2.7155793263236654,0.0020867809661736,0.0010709105754945,0.0099416751230572,0.0001720313619921,0.0001553615842247,0.0001923703999642,0.0002177637278069,0.0001486918412295,-2.3339520762609963e-05,-2.0250589856461154,-0.8621262799034646,0.4611819516301162
volume_mfi_168,-0.0023515748678257,-0.0064644876221157,-0.0114900695105819,-1.236231603879875e-06,1.3394458968269998e-05,-4.34746500466409e-05,3.680374603510125e-05,4.361776722462861e-05,-4.485399882850851e-05,-6.1544451218407,-0.8275550677900103,0.2852985729623828,-0.0066224827123348,-0.0171549083102149,-0.0299530995323241,0.0001654795825513,0.0001575444636911,0.0001815794047766,0.0001642925558028,0.0002011371666316,-3.56575840802317e-05,-2.880716509783378,-0.9505954694309732,0.316325699699235
volume_mfi_3,-0.0177752860240941,-0.0248415012918535,-0.0906009233098046,7.192206775583525e-05,2.6078811109801062e-05,-4.926662952373817e-06,8.069162583028243e-06,-2.9836780050372403e-05,0.0001017588478062,14.728509271691175,-0.3967713855282735,13.855132859654375,-0.0173541475168751,-0.0227888597658994,-0.0822304760375723,0.0002525959038055,0.0002122786517122,0.0001689313996318,0.0001194063904378,0.0001075254085169,0.0001450704952885,12.549753517857818,-0.4690290073306501,38.70917332342096
volume_mfi_336,-0.0008038966561275,-0.0066026687379652,-0.0039382295472354,8.739890837981453e-06,-1.2202362630623066e-05,-2.82769037182124e-05,4.60853183478056e-06,4.456503885707104e-05,-3.582514801908955e-05,-4.981670713975855,-0.7511173822280213,0.364897305153921,-0.0047737806644437,-0.0154009576403344,-0.0215432039648803,0.0001636583821379,0.000145768675441,0.0001732254310304,0.0001628028392218,0.0002314507404153,-6.779235827744768e-05,-5.429461441752757,-0.9575148859677172,0.1370052204547939
volume_mfi_6,-0.0129679053960594,-0.0201994102886324,-0.0664312252334792,5.98769535576665e-05,1.0737119589973584e-05,-2.2184687622175337e-06,-9.694713374245344e-06,1.047576967213072e-05,4.940118388553581e-05,7.108382136954909,-0.5225904779112438,3.459166550271459,-0.0152567614111555,-0.0217676792840233,-0.0718645053002688,0.0002501347437375,0.0001782607591174,0.0001455507604595,0.0001359679596229,0.0001458329044078,0.0001043018393296,8.747862867009129,-0.6519634386420651,12.98818954707021
volume_mfi_672,-0.0003452177490541,-0.0067431408843081,-0.0017093208509147,-3.256926163590388e-06,1.1579611388450436e-05,-1.6421370114905684e-05,2.598070016905558e-05,1.3484252208679358e-05,-1.6741178372269765e-05,-2.278156434948517,-0.7723802699502211,0.6031829638486186,-0.0005371683739631,-0.0098204992861209,-0.0024628899813756,0.000111349902342,0.0001798584930367,0.0001364713144637,0.0001587876508327,0.0002593658549229,-0.0001480159525808,-11.717490635378136,-0.9888877678236868,0.0176232637059859
volume_obv,0.0024628573220811,0.0009048393468702,0.0117284935179135,7.028242850724831e-06,3.1881185416079966e-05,-6.3136590975865e-06,1.910748849653969e-05,1.9876169965826905e-05,1.284792711510207e-05,1.7942877426865829,-0.6522953336780581,1.3085417391683811,-0.0002616682291032,0.0011728086911136,-0.0012540269617077,0.0001807923955181,0.0001100165537218,0.0001265471442363,0.0001416652336796,0.0002866432761507,-0.0001058508806325,-8.69608853958335,-0.9737810100865254,0.0492700752227322
volume_pvo_144_312_108,-0.0052075316605741,-0.006159802321104,-0.0232035819654464,-4.997675014154539e-06,-4.483349743934149e-06,1.5241926380988467e-05,1.8963991886360096e-05,8.321929911935299e-06,-1.3319604926089844e-05,-1.817828026166825,-0.7912299227308749,0.6553302252734508,-7.886849196218679e-05,-0.0051152342990598,-0.0003185678250964,0.0001039570023793,0.0001407153196971,0.0001791211147279,0.000188314299051,0.0002642989103548,-0.0001603419079755,-12.243000361329536,-0.9917874953989122,0.011860359016431
volume_pvo_3_6_2,0.0027343430833426,0.0018353591681887,0.0151997101806016,9.55871305048308e-06,-4.8443824436271175e-06,5.891885900806246e-06,2.399836074620329e-05,3.748197480742239e-05,2.7923261756939312e-05,4.256484980867818,-0.4188137664904468,1.973177553416568,-0.0011236688590244,-0.0007934221622585,-0.0059587583907135,0.0001677129215796,0.0001951080525768,0.0001771828906852,0.0001765420074688,0.0001501746672207,1.7538254358908726e-05,1.61406687910502,-0.689746953820497,1.3499835808329186
momentum_accel_reversal_12_6_48,0.0232644708991597,0.0289932846077263,0.1049529122270892,-7.01313188391809e-05,-2.9845766248435392e-05,2.0902904082118703e-05,2.4953610634980792e-05,0.0001120774352699,0.0001822087541091,24.079506935459328,-0.1720701290334381,114.20173512267934,0.0184407125393792,0.023077435778484,0.0772277771317077,9.017545500966032e-05,0.0001438883597437,0.0001761397780094,0.0001656601423069,0.000277517546967,0.0001873420919574,14.468232253362016,-0.7322388552590066,112.16438658559493
momentum_path_efficiency_24_96,-0.0142813472660195,-0.0210874213259119,-0.0646905538302273,6.361769877539857e-05,3.487464059062884e-05,-1.3089562658884358e-05,-7.074867302178229e-06,-2.3506446717720946e-06,6.596834344717068e-05,8.599866129729545,-0.7565925712839312,5.256208559765654,-0.0155920973945237,-0.0223389740455687,-0.0652760018595922,0.0002523781951526,0.0001686222178114,0.0001332540063431,0.0001489262736795,0.0001512118844791,0.0001011663106734,7.712925167994924,-0.852312902172931,11.373182375257068
momentum_volume_weighted_trend_24,-0.0222291330780546,-0.0290786303169554,-0.0792432870463658,0.0001086406598968,2.1468533765687508e-05,-1.3340725290659022e-06,-2.4058044748360947e-05,-5.021782661230747e-05,0.0001588584865091,18.2778612649583,-0.3720816547953161,60.07008631032968,-0.0241944177702301,-0.0305660343659403,-0.0831990272606341,0.0002857151395978,0.000193331394152,0.0001415561943447,0.0001136282239055,0.0001137480455546,0.0001719670940431,11.921266593885973,-0.6789375794938631,70.63674322626758
momentum_dispersion_18_72,-0.0249119573100286,-0.0420836881575454,-0.0981709463633587,0.0001125567041339,3.78983149872348e-05,-1.6299500710910635e-05,-3.338864913461997e-05,-3.510451932863263e-05,0.0001476612234625,16.23151879832041,-0.636169743242214,43.95741272760468,-0.0254783933830358,-0.0425531884045963,-0.0931576287197499,0.0002656351255841,0.0001540782832225,0.0001457511048083,0.0001284287855888,0.0001566344548553,0.0001090006707288,7.372003671301155,-0.859700871264257,13.114368569021934
momentum_vol_price_div_12_48,-0.0154872372337609,-0.0184296693124401,-0.0843490579505209,7.825387342497012e-05,1.5805818139846437e-05,6.576328478584594e-06,2.150989413635476e-06,-3.896991401591809e-05,0.0001172237874408,17.64528674879208,-0.1931443229769039,20.839580737245587,-0.0102188880682007,-0.0131875148192084,-0.0533598425141334,0.0002179849946695,0.0001655121139623,0.0001623260806576,0.0001497401077144,0.000159447565195,5.8537429474566464e-05,5.436857287900391,-0.7257372168800876,3.9988352294962928
momentum_vol_ratio_18_36,-0.0135250824024286,-0.018643580439817,-0.0675304790560428,7.670353837486184e-05,1.036778317809761e-05,9.78012209587002e-06,-2.4384792483598847e-05,-8.833099989284236e-07,7.758684837379024e-05,10.730934947285728,-0.4711208287574472,7.19297514859999,-0.0142828863464676,-0.0193441412965267,-0.067317554891456,0.0002411346969412,0.0001983343411243,0.0001410428159009,0.0001325403515342,0.0001482147520802,9.291994486094609e-05,7.806065235415549,-0.7849702605417562,9.519004603669236
momentum_updown_ratio_12_48,-0.0198139262369393,-0.0251330896304815,-0.0914656976487566,7.17521739198369e-05,3.0072877176103925e-05,9.792005566448771e-06,-9.506175666037626e-06,-4.236052127095619e-05,0.0001141126951907,15.24285956317124,-0.4665697627364092,18.90240906360281,-0.020699414896541,-0.0284459717230169,-0.0889563334822201,0.0003061373510353,0.0001955655746041,0.0001329633109776,0.0001023048536664,0.0001095533741516,0.0001965839768836,15.140011011574613,-0.532393787418234,143.03678370895344
momentum_streak_intensity_3_24_48,0.0154972978886764,0.0236642447075562,0.0728015726202739,-5.02975086643512e-05,-2.2408276975818243e-05,1.7402564477028542e-05,5.2125772984113065e-05,7.826137244475965e-05,0.0001285588811091,17.846340688120282,-0.3532169439879701,27.524456976873186,0.0188662461597206,0.019357926281097,0.0837107759621425,0.0001222504732094,0.0001269873379218,0.0001411053563912,0.0001862221105432,0.0002888187765893,0.0001665683033799,13.982008589587654,-0.5821801282364647,66.12519567287944
momentum_directional_pressure_12_48,-0.0146790475090963,-0.0230762645909477,-0.0672744793757978,6.265815151084885e-05,3.297832714803872e-05,-4.421725047170951e-06,-8.313338440989441e-06,-2.4460627820025595e-05,8.711877933087448e-05,11.470794573694084,-0.6097212742375304,9.237565203679948,-0.0184610833820258,-0.0258256614850237,-0.0782803332957802,0.0002897151434851,0.0001906864471533,0.0001376162850733,9.90227071951036e-05,0.0001290453440499,0.0001606697994351,12.201855706384084,-0.6080004800655092,54.97853579245774
volatility_momentum_ratio_12_72,0.016415557373018,0.0208392321748067,0.0806003610127136,-1.867425264624237e-05,-1.829059416860095e-05,1.5327556661734785e-05,2.707586902915525e-05,7.02744603803744e-05,8.894871302661677e-05,12.403235099073973,-0.4157875214064855,9.741968268678344,0.02002101394156,0.0227073071874037,0.0905489088981456,8.334718766294873e-05,0.0001216683292473,0.0001657875415859,0.0002116133033386,0.0002782727464663,0.0001949255588034,15.761305891339422,-0.4624397077180345,138.738190757559
volatility_squeeze_ratio_12_48,0.0175981229037123,0.0228231884968785,0.0812098360863526,-2.40006152850325e-05,-1.1539228283156585e-05,1.0057739453965128e-05,2.3195164220971468e-05,7.845879094728782e-05,0.0001024594062323,14.115811864428109,-0.3522900342824385,13.88968151824123,0.0117382358599956,0.0198329439141115,0.0507334914946369,0.0001688960582492,0.0001785249277097,0.0001372636260877,0.0001742783357454,0.0002005941949512,3.169813670205684e-05,2.595627433094635,-0.7438340867750887,1.876846280937755
volatility_range_deviation_24_72,-0.01102767682557822,-0.014143388050867414,-0.053868554892967734,2.772415605571775e-05,2.549397820333875e-05,2.777557641678558e-05,-9.82534352573398e-06,6.961094552825645e-06,2.0763061502892105e-05,2.9203102613884515,-0.4906247817071256,1.6126647779000824,-0.011963335491747837,-0.015257541459154823,-0.053969337241322274,0.00019876454086127814,0.000187301115600939,0.0001729823465643928,0.00016239426010526738,0.00014219791368176392,5.6566627179514175e-05,4.72470318615741,-0.5763517736522166,3.64765802836187
